Date,Company,Open_Price,Closing_Price,High_Price,Low_Price,Volume
2025-10-01,NABIL,759.36,767.09,769.03,757.3,3288
2025-10-02,NABIL,771.61,773.94,779.98,769.37,5221
2025-10-03,NABIL,764.96,758.28,773.44,749.15,7137
2025-10-04,NABIL,756.8,761.99,768.93,746.83,9993
2025-10-05,NABIL,767.62,771.19,780.24,758.33,5675
2025-10-06,NABIL,764.14,764.83,768.26,755.49,5881
2025-10-07,NABIL,765.87,758.7,772.05,756.57,2341
2025-10-08,NABIL,768.66,763.35,774.85,759.83,4985
2025-10-09,NABIL,762.21,765.81,774.7,762.11,4794
2025-10-10,NABIL,758.55,762.76,769.83,753.0,9603
2025-10-11,NABIL,770.78,761.46,780.14,755.56,4196
2025-10-12,NABIL,764.52,765.4,767.61,761.25,3146
2025-10-13,NABIL,763.77,754.31,766.84,752.8,4024
2025-10-14,NABIL,746.04,740.56,754.11,732.76,5176
2025-10-15,NABIL,743.07,747.32,754.35,735.86,1045
2025-10-16,NABIL,742.54,746.63,749.62,738.83,6727
2025-10-17,NABIL,743.14,746.13,749.66,738.95,4730
2025-10-18,NABIL,741.82,746.04,750.68,733.21,5156
2025-10-19,NABIL,750.9,747.67,756.21,740.14,3800
2025-10-20,NABIL,746.91,750.16,758.88,742.21,3325
2025-10-21,NABIL,751.55,750.96,754.29,749.88,1934
2025-10-22,NABIL,751.94,757.82,766.81,746.01,7010
2025-10-23,NABIL,751.5,751.98,757.54,749.83,9589
2025-10-24,NABIL,750.32,758.96,768.01,748.8,2053
2025-10-25,NABIL,749.36,759.21,759.78,740.45,5188
2025-10-26,NABIL,755.25,760.73,766.78,754.46,8293
2025-10-27,NABIL,765.49,763.86,772.42,757.92,6002
2025-10-28,NABIL,755.3,749.7,760.39,740.41,6086
2025-10-29,NABIL,754.97,757.2,765.89,746.05,8575
2025-10-30,NABIL,763.05,758.93,767.71,750.23,3692
2025-10-31,NABIL,767.01,776.84,778.88,760.19,9681
2025-11-01,NABIL,772.51,765.05,777.67,760.66,2207
2025-11-02,NABIL,759.88,756.53,767.08,751.47,8821
2025-11-03,NABIL,762.35,754.93,766.31,747.99,4005
2025-11-04,NABIL,758.2,754.81,766.8,750.34,2434
2025-11-05,NABIL,761.28,755.75,770.34,753.92,8695
2025-11-06,NABIL,753.12,761.04,770.76,750.15,4087
2025-11-07,NABIL,756.06,758.43,758.64,752.66,1293
2025-11-08,NABIL,759.89,754.38,760.9,744.89,1631
2025-11-09,NABIL,745.51,742.72,755.12,737.26,3346
2025-11-10,NABIL,743.41,740.81,751.34,732.49,3964
2025-11-11,NABIL,740.09,740.89,750.35,733.97,4706
2025-11-12,NABIL,732.8,738.87,745.14,731.23,6520
2025-11-13,NABIL,734.08,734.56,741.02,733.3,9934
2025-11-14,NABIL,736.19,728.17,739.55,721.45,4568
2025-11-15,NABIL,723.95,726.59,731.29,717.87,9120
2025-11-16,NABIL,732.71,725.63,739.73,719.17,8765
2025-11-17,NABIL,719.44,724.48,729.77,712.17,7016
2025-11-18,NABIL,716.08,714.55,716.8,706.7,3744
2025-11-19,NABIL,724.38,721.77,727.02,720.99,9090
2025-11-20,NABIL,726.25,732.24,735.93,725.92,1127
2025-11-21,NABIL,731.74,726.83,738.26,723.92,6786
2025-11-22,NABIL,733.15,733.7,735.03,723.28,3574
2025-11-23,NABIL,727.09,727.2,729.75,724.92,6026
2025-11-24,NABIL,734.3,736.47,743.07,726.77,4167
2025-11-25,NABIL,737.47,739.74,739.87,728.61,9647
2025-11-26,NABIL,733.87,731.53,742.5,722.79,6718
2025-11-27,NABIL,728.19,720.34,737.21,713.31,7319
2025-11-28,NABIL,723.32,728.48,732.26,720.06,4233
2025-11-29,NABIL,738.07,740.55,740.7,736.74,4513
2025-11-30,NABIL,731.49,726.15,732.56,717.37,9962
2025-12-01,NABIL,731.08,733.91,734.02,728.45,5937
2025-12-02,NABIL,728.99,721.8,737.11,720.5,3461
2025-12-03,NABIL,725.56,734.57,738.32,722.18,1485
2025-12-04,NABIL,731.05,736.26,743.15,726.69,9500
2025-12-05,NABIL,727.08,723.75,736.78,721.16,3987
2025-12-06,NABIL,717.85,712.8,723.83,710.01,9884
2025-12-07,NABIL,709.34,716.56,721.77,704.07,1625
2025-12-08,NABIL,720.6,712.99,723.85,705.33,2411
2025-12-09,NABIL,709.78,708.01,714.3,700.17,6541
2025-12-10,NABIL,708.17,700.82,710.47,695.29,5365
2025-12-11,NABIL,699.67,699.41,705.07,691.83,2662
2025-12-12,NABIL,703.23,712.52,714.02,694.89,9473
2025-12-13,NABIL,704.51,709.3,712.42,699.88,9975
2025-12-14,NABIL,706.72,713.09,714.92,704.27,5716
2025-12-15,NABIL,705.11,710.57,715.98,695.54,4038
2025-12-16,NABIL,711.37,713.42,716.96,708.49,3339
2025-12-17,NABIL,719.63,714.57,727.17,714.15,5875
2025-12-18,NABIL,704.75,695.71,710.49,686.2,8120
2025-12-19,NABIL,694.74,695.78,702.99,689.04,3433
2025-12-20,NABIL,688.28,682.88,690.85,680.7,7199
2025-12-21,NABIL,680.28,678.75,685.65,669.43,1405
2025-12-22,NABIL,671.9,675.37,681.14,669.49,4326
2025-12-23,NABIL,680.46,679.12,681.94,670.9,7584
2025-12-24,NABIL,678.85,679.5,685.68,674.59,4986
2025-12-25,NABIL,680.31,684.44,691.8,671.01,6239
2025-12-26,NABIL,685.39,683.72,693.36,676.07,1723
2025-12-27,NABIL,680.66,680.07,685.68,674.02,6569
2025-12-28,NABIL,684.03,682.52,693.62,672.62,3623
2025-12-29,NABIL,689.39,688.07,699.14,682.39,9371
2025-12-30,NABIL,681.35,680.24,681.8,679.18,9700
2025-12-31,NABIL,689.91,689.81,691.94,686.8,4406
2026-01-01,NABIL,687.01,695.01,702.75,685.11,1321
2026-01-02,NABIL,691.99,690.77,694.91,686.6,3786
2026-01-03,NABIL,696.78,694.41,702.05,692.52,1081
2026-01-04,NABIL,689.12,692.29,697.29,682.06,2104
2026-01-05,NABIL,698.26,705.37,711.18,697.38,3295
2026-01-06,NABIL,701.87,693.57,707.5,691.4,7787
2026-01-07,NABIL,694.95,689.34,698.47,683.97,3712
2026-01-08,NABIL,688.56,686.37,689.0,682.53,8832
2026-01-09,NABIL,679.97,676.57,683.63,667.36,1651
2026-01-10,NABIL,670.64,666.43,672.86,664.92,5855
2026-01-11,NABIL,673.13,665.72,677.9,658.32,8239
2026-01-12,NABIL,656.25,650.33,657.18,649.97,5829
2026-01-13,NABIL,651.82,646.9,658.08,639.16,6265
2026-01-14,NABIL,641.85,642.54,649.57,636.03,2662
2026-01-15,NABIL,643.83,635.05,646.43,630.77,7326
2026-01-16,NABIL,628.6,622.41,632.72,619.34,8362
2026-01-17,NABIL,612.64,608.4,616.03,600.57,8682
2026-01-18,NABIL,612.26,613.53,617.79,611.43,8536
2026-01-19,NABIL,604.52,605.01,612.9,602.4,7949
2026-01-20,NABIL,607.76,606.33,611.13,605.39,9248
2026-01-21,NABIL,604.87,605.34,608.77,603.58,6309
2026-01-22,NABIL,605.84,611.38,613.27,602.33,8669
2026-01-23,NABIL,615.81,606.06,622.38,596.58,5821
2026-01-24,NABIL,600.35,593.56,609.07,583.82,4930
2026-01-25,NABIL,603.27,608.16,616.69,601.61,4863
2026-01-26,NABIL,600.75,604.38,607.04,599.12,6125
2026-01-27,NABIL,606.46,599.21,610.8,598.68,7649
2026-01-28,NABIL,608.8,607.21,614.27,599.34,6724
2026-01-29,NABIL,615.6,611.47,620.83,603.81,5835
2026-01-30,NABIL,612.96,619.61,629.3,606.16,6449
2026-01-31,NABIL,615.72,622.41,625.3,613.72,6171
2026-02-01,NABIL,613.59,603.99,617.06,601.73,5119
2026-02-02,NABIL,613.94,622.89,624.71,604.91,6408
2026-02-03,NABIL,613.91,612.79,618.96,603.64,8469
2026-02-04,NABIL,610.67,606.87,616.84,605.34,3846
2026-02-05,NABIL,600.92,605.42,610.15,600.75,6497
2026-02-06,NABIL,611.94,613.12,621.08,604.06,3159
2026-02-07,NABIL,618.98,620.16,621.65,612.69,1687
2026-02-08,NABIL,613.86,615.44,616.91,610.49,9833
2026-02-09,NABIL,615.22,612.75,615.5,607.92,7526
2026-02-10,NABIL,611.43,619.29,628.86,602.17,4484
2026-02-11,NABIL,616.03,618.06,625.68,613.96,8348
2026-02-12,NABIL,623.42,632.37,632.81,619.54,8618
2026-02-13,NABIL,636.0,629.07,638.71,624.88,6106
2026-02-14,NABIL,628.38,624.43,633.02,622.69,7535
2026-02-15,NABIL,628.37,626.25,631.74,618.14,5574
2026-02-16,NABIL,631.55,639.63,643.22,623.44,5218
2026-02-17,NABIL,648.36,655.6,658.0,645.22,2041
2026-02-18,NABIL,656.77,653.43,661.06,647.35,6249
2026-02-19,NABIL,662.66,662.84,664.35,656.06,4876
2026-02-20,NABIL,663.24,665.51,673.04,661.85,7561
2026-02-21,NABIL,665.36,655.84,665.96,650.06,9039
2026-02-22,NABIL,658.97,655.05,667.76,653.92,5341
2026-02-23,NABIL,655.4,665.27,673.08,649.59,1000
2026-02-24,NABIL,657.59,652.9,658.75,649.12,6076
2026-02-25,NABIL,655.8,658.95,667.98,649.19,7383
2026-02-26,NABIL,666.42,676.28,677.46,661.94,2602
2026-02-27,NABIL,677.42,667.83,681.4,661.33,1358
2026-02-28,NABIL,673.59,676.69,686.06,672.34,6548
2026-03-01,NABIL,684.57,685.5,695.44,680.5,1083
2026-03-02,NABIL,675.6,673.68,681.43,672.43,7405
2026-03-03,NABIL,680.27,675.64,682.29,674.1,5422
2026-03-04,NABIL,667.64,671.63,672.96,664.31,4636
2026-03-05,NABIL,672.16,672.36,674.36,670.79,4954
2026-03-06,NABIL,669.89,663.65,671.72,655.4,7452
2026-03-07,NABIL,673.65,674.45,684.1,673.61,1007
2026-03-08,NABIL,677.47,685.79,695.35,672.72,2015
2026-03-09,NABIL,676.76,672.06,677.11,668.22,2676
2026-03-10,NABIL,672.79,668.02,681.89,658.74,7634
2026-03-11,NABIL,675.27,683.2,685.05,674.12,5562
2026-03-12,NABIL,674.85,675.35,676.39,671.99,8742
2026-03-13,NABIL,681.09,688.53,690.03,676.0,5551
2026-03-14,NABIL,681.05,686.51,695.36,680.5,3830
2026-03-15,NABIL,676.99,668.8,682.87,658.84,2350
2026-03-16,NABIL,669.21,672.76,675.68,666.19,6298
2026-03-17,NABIL,682.23,673.9,690.33,673.34,3285
2026-03-18,NABIL,666.7,665.29,673.16,663.92,9430
2026-03-19,NABIL,664.32,673.63,679.85,656.29,9486
2026-03-20,NABIL,670.87,678.81,687.63,668.77,1842
2026-03-21,NABIL,683.86,682.13,684.87,674.36,2086
2026-03-22,NABIL,682.87,690.78,700.16,676.23,9905
2026-03-23,NABIL,681.77,676.67,683.31,672.68,6068
2026-03-24,NABIL,670.97,666.48,671.19,660.89,4902
2026-03-25,NABIL,666.42,669.03,674.98,663.52,2422
2026-03-26,NABIL,660.35,661.57,665.6,659.61,5185
2026-03-27,NABIL,666.06,659.48,672.74,659.29,6627
2026-03-28,NABIL,653.12,646.63,660.4,644.38,5818
2026-03-29,NABIL,655.27,653.3,661.98,647.79,4028
2025-10-01,NICA,719.49,729.35,734.47,718.85,7943
2025-10-02,NICA,725.11,720.43,727.52,716.08,8676
2025-10-03,NICA,721.03,724.89,726.81,711.65,7290
2025-10-04,NICA,733.16,737.37,738.94,725.52,7364
2025-10-05,NICA,732.64,734.84,741.56,731.61,5537
2025-10-06,NICA,732.9,725.54,738.8,721.44,9952
2025-10-07,NICA,722.18,727.79,733.22,715.67,7326
2025-10-08,NICA,722.61,718.27,729.12,718.11,9146
2025-10-09,NICA,710.03,710.79,717.2,703.36,7192
2025-10-10,NICA,706.61,714.11,718.33,703.24,3004
2025-10-11,NICA,723.97,722.44,731.48,713.51,5412
2025-10-12,NICA,727.05,722.33,733.41,719.47,1354
2025-10-13,NICA,721.01,722.8,725.98,720.91,7614
2025-10-14,NICA,715.59,721.99,729.03,706.72,2446
2025-10-15,NICA,722.56,722.34,731.01,714.62,6361
2025-10-16,NICA,728.65,727.52,733.14,718.5,3741
2025-10-17,NICA,730.29,730.71,738.38,721.65,7174
2025-10-18,NICA,729.89,720.81,733.76,716.09,7068
2025-10-19,NICA,710.92,717.83,719.18,709.45,2705
2025-10-20,NICA,713.83,708.7,715.83,705.83,5005
2025-10-21,NICA,716.01,707.74,717.89,700.67,3850
2025-10-22,NICA,698.1,689.64,701.01,686.4,6445
2025-10-23,NICA,680.87,686.0,687.76,676.61,2339
2025-10-24,NICA,679.11,681.49,685.02,673.18,1448
2025-10-25,NICA,676.51,685.51,694.11,673.55,4543
2025-10-26,NICA,685.22,677.78,687.93,675.85,1553
2025-10-27,NICA,680.61,674.65,683.29,669.28,5312
2025-10-28,NICA,673.15,682.97,689.95,667.91,4733
2025-10-29,NICA,688.05,691.68,692.14,686.35,6308
2025-10-30,NICA,681.93,686.28,690.58,681.57,2610
2025-10-31,NICA,689.09,694.05,702.6,681.58,6875
2025-11-01,NICA,696.47,702.52,705.46,696.03,6012
2025-11-02,NICA,695.88,703.4,708.71,694.22,1834
2025-11-03,NICA,699.4,691.18,703.08,689.05,6235
2025-11-04,NICA,681.94,684.32,685.19,679.01,3855
2025-11-05,NICA,677.01,686.58,687.99,676.66,3189
2025-11-06,NICA,696.11,687.09,702.3,683.76,1143
2025-11-07,NICA,677.92,686.49,690.3,676.52,2214
2025-11-08,NICA,680.84,680.98,688.47,673.79,9638
2025-11-09,NICA,681.21,682.64,686.38,680.32,7028
2025-11-10,NICA,687.98,686.18,689.95,681.94,6436
2025-11-11,NICA,689.36,685.3,693.2,684.83,8394
2025-11-12,NICA,683.31,685.66,690.53,680.43,6966
2025-11-13,NICA,677.64,676.35,682.8,675.22,1162
2025-11-14,NICA,670.56,670.23,677.71,663.3,7786
2025-11-15,NICA,670.21,677.67,684.19,661.45,5886
2025-11-16,NICA,678.8,670.34,687.47,661.56,7598
2025-11-17,NICA,671.46,667.92,677.39,659.58,9380
2025-11-18,NICA,675.51,667.69,682.36,662.66,3123
2025-11-19,NICA,667.69,670.89,676.0,664.4,4558
2025-11-20,NICA,677.01,667.19,685.59,659.99,4527
2025-11-21,NICA,660.65,654.09,666.58,650.12,4062
2025-11-22,NICA,649.58,646.64,652.45,639.98,8142
2025-11-23,NICA,652.89,655.47,664.23,650.59,1029
2025-11-24,NICA,660.64,667.87,672.66,658.21,3701
2025-11-25,NICA,661.24,671.21,676.07,659.54,9539
2025-11-26,NICA,667.74,667.68,669.24,665.8,2873
2025-11-27,NICA,663.0,661.84,663.11,652.33,2442
2025-11-28,NICA,666.37,669.52,674.9,658.34,5387
2025-11-29,NICA,670.72,665.4,670.95,664.23,4867
2025-11-30,NICA,658.54,661.4,670.49,649.33,1002
2025-12-01,NICA,658.34,658.81,662.92,648.34,7312
2025-12-02,NICA,653.98,659.97,668.05,650.56,7562
2025-12-03,NICA,663.19,654.97,669.91,654.46,8987
2025-12-04,NICA,664.42,672.08,673.4,664.12,2259
2025-12-05,NICA,673.38,665.83,678.12,658.4,7260
2025-12-06,NICA,672.79,674.88,679.95,671.77,9913
2025-12-07,NICA,667.43,667.63,670.69,659.65,7230
2025-12-08,NICA,667.54,665.39,672.22,663.14,8212
2025-12-09,NICA,660.58,652.0,667.63,646.58,1659
2025-12-10,NICA,646.83,654.55,660.04,639.04,4329
2025-12-11,NICA,650.07,656.0,661.01,640.82,1929
2025-12-12,NICA,661.67,655.39,671.14,651.48,2717
2025-12-13,NICA,663.76,657.34,668.24,656.77,3707
2025-12-14,NICA,662.94,668.98,671.43,658.72,8920
2025-12-15,NICA,663.96,660.18,672.47,655.16,5285
2025-12-16,NICA,652.29,652.8,658.93,643.98,9784
2025-12-17,NICA,660.54,662.38,665.27,655.96,1542
2025-12-18,NICA,671.8,681.62,690.56,665.27,9962
2025-12-19,NICA,675.65,679.76,682.98,670.59,1072
2025-12-20,NICA,681.85,689.87,699.22,671.9,5302
2025-12-21,NICA,683.13,676.45,687.28,671.03,4055
2025-12-22,NICA,670.61,662.92,674.47,662.56,8798
2025-12-23,NICA,671.59,681.55,682.74,664.78,6478
2025-12-24,NICA,671.58,678.76,679.67,670.73,5775
2025-12-25,NICA,687.7,691.12,691.28,678.22,6040
2025-12-26,NICA,685.69,679.84,691.33,677.49,6475
2025-12-27,NICA,673.19,671.53,677.71,663.25,9743
2025-12-28,NICA,668.2,676.35,681.57,661.38,4654
2025-12-29,NICA,676.62,671.15,678.66,668.33,4104
2025-12-30,NICA,680.38,688.54,693.28,675.17,3348
2025-12-31,NICA,690.51,694.15,694.62,687.03,7278
2026-01-01,NICA,701.82,692.81,703.45,688.72,5929
2026-01-02,NICA,689.86,698.87,707.84,688.78,6735
2026-01-03,NICA,697.67,694.27,700.7,693.79,6112
2026-01-04,NICA,689.13,685.72,694.1,683.21,5015
2026-01-05,NICA,682.41,686.83,696.55,680.77,7658
2026-01-06,NICA,693.08,696.26,704.15,687.1,3432
2026-01-07,NICA,689.43,683.51,698.22,676.69,4452
2026-01-08,NICA,688.03,693.08,697.14,684.98,2507
2026-01-09,NICA,702.1,701.46,707.79,697.84,6727
2026-01-10,NICA,692.92,697.67,698.34,683.26,8227
2026-01-11,NICA,707.06,706.63,709.29,699.72,9255
2026-01-12,NICA,698.41,698.88,704.99,695.83,2776
2026-01-13,NICA,704.77,705.92,713.81,699.92,6260
2026-01-14,NICA,710.33,716.24,720.26,706.83,2685
2026-01-15,NICA,709.33,707.62,710.01,705.33,7396
2026-01-16,NICA,711.88,705.16,715.17,702.73,7650
2026-01-17,NICA,711.59,716.83,719.67,702.29,6881
2026-01-18,NICA,708.76,715.51,717.98,705.94,5204
2026-01-19,NICA,710.83,703.51,715.93,698.58,5691
2026-01-20,NICA,707.7,702.75,716.32,696.45,5160
2026-01-21,NICA,712.68,711.92,721.06,708.56,1680
2026-01-22,NICA,709.77,719.36,729.27,705.32,8040
2026-01-23,NICA,726.92,722.99,734.09,713.34,7759
2026-01-24,NICA,732.23,726.25,733.35,721.5,1396
2026-01-25,NICA,719.63,715.59,727.46,714.22,4615
2026-01-26,NICA,718.19,717.39,727.75,711.6,3458
2026-01-27,NICA,711.93,702.7,714.48,696.29,5314
2026-01-28,NICA,696.52,688.08,702.77,681.03,4014
2026-01-29,NICA,684.55,681.98,691.44,679.84,3376
2026-01-30,NICA,679.06,673.3,684.1,670.63,7965
2026-01-31,NICA,667.02,664.18,675.46,659.09,5602
2026-02-01,NICA,660.24,660.17,663.91,653.9,4403
2026-02-02,NICA,651.98,655.06,662.64,642.57,1042
2026-02-03,NICA,649.28,643.76,650.91,634.45,7752
2026-02-04,NICA,645.69,650.02,654.38,643.53,4911
2026-02-05,NICA,659.93,667.29,674.91,654.74,3224
2026-02-06,NICA,670.97,670.89,677.79,661.14,3668
2026-02-07,NICA,673.19,676.3,683.53,666.53,7042
2026-02-08,NICA,679.12,681.97,690.9,673.59,6132
2026-02-09,NICA,690.53,692.43,699.31,683.7,4982
2026-02-10,NICA,696.9,691.82,700.86,691.69,6017
2026-02-11,NICA,698.07,704.4,707.22,695.88,9053
2026-02-12,NICA,699.4,698.82,704.73,691.42,5461
2026-02-13,NICA,695.68,695.3,702.65,691.6,9493
2026-02-14,NICA,691.91,693.42,700.77,682.55,7737
2026-02-15,NICA,701.71,711.07,714.75,701.23,4703
2026-02-16,NICA,702.88,705.4,708.98,700.19,7922
2026-02-17,NICA,711.98,704.54,712.63,696.14,7148
2026-02-18,NICA,709.55,715.6,720.71,703.33,6472
2026-02-19,NICA,712.93,714.65,718.88,705.46,6835
2026-02-20,NICA,714.22,710.79,723.74,700.92,9759
2026-02-21,NICA,718.59,726.85,734.2,718.54,4443
2026-02-22,NICA,719.75,717.74,720.46,712.5,5209
2026-02-23,NICA,708.64,704.14,711.07,694.19,5667
2026-02-24,NICA,707.63,698.7,715.25,694.69,2508
2026-02-25,NICA,699.78,693.93,706.81,692.03,6092
2026-02-26,NICA,697.08,689.88,706.5,686.33,9170
2026-02-27,NICA,691.35,682.15,697.8,679.33,4690
2026-02-28,NICA,687.52,679.26,695.02,673.74,3864
2026-03-01,NICA,682.8,677.98,688.31,672.92,9825
2026-03-02,NICA,685.42,691.93,698.81,682.27,6558
2026-03-03,NICA,683.36,677.25,690.77,671.43,7088
2026-03-04,NICA,667.8,660.01,677.0,650.1,9464
2026-03-05,NICA,665.05,659.12,671.14,655.02,4537
2026-03-06,NICA,663.49,666.18,674.78,655.25,7991
2026-03-07,NICA,669.45,669.57,673.02,667.1,3007
2026-03-08,NICA,678.98,677.47,685.3,674.32,2255
2026-03-09,NICA,680.38,684.99,686.66,677.08,3817
2026-03-10,NICA,682.38,687.44,691.15,672.61,2982
2026-03-11,NICA,694.78,702.07,708.44,690.61,7117
2026-03-12,NICA,702.32,695.62,711.02,689.52,2622
2026-03-13,NICA,693.73,695.3,699.69,687.39,5836
2026-03-14,NICA,689.63,685.65,698.95,683.4,3835
2026-03-15,NICA,686.55,677.99,686.59,674.41,1900
2026-03-16,NICA,682.37,682.45,688.77,678.48,9590
2026-03-17,NICA,673.69,669.3,678.1,662.35,9705
2026-03-18,NICA,659.68,653.37,664.5,652.8,3832
2026-03-19,NICA,655.7,658.21,663.94,645.71,1997
2026-03-20,NICA,654.01,644.85,663.73,642.35,5429
2026-03-21,NICA,639.33,632.16,644.82,630.17,7877
2026-03-22,NICA,625.05,624.9,631.23,618.35,6890
2026-03-23,NICA,628.78,631.4,635.72,623.68,4117
2026-03-24,NICA,624.05,627.01,628.84,617.14,4793
2026-03-25,NICA,634.42,641.96,649.99,626.78,5110
2026-03-26,NICA,646.96,645.68,652.27,637.41,6124
2026-03-27,NICA,655.06,656.73,659.94,648.17,3363
2026-03-28,NICA,655.29,661.58,664.82,645.49,8538
2026-03-29,NICA,669.45,672.51,680.27,661.21,7535
2025-10-01,NLIC,729.2,727.62,735.97,720.72,1224
2025-10-02,NLIC,733.34,740.38,741.33,725.37,3017
2025-10-03,NLIC,742.18,747.57,747.68,736.4,8954
2025-10-04,NLIC,752.91,746.6,754.54,746.13,1011
2025-10-05,NLIC,753.62,746.11,759.33,737.12,5070
2025-10-06,NLIC,753.34,760.48,764.29,751.9,6158
2025-10-07,NLIC,763.24,760.13,772.04,752.2,2921
2025-10-08,NLIC,757.55,749.78,765.13,747.2,6835
2025-10-09,NLIC,750.01,748.68,750.53,742.12,3133
2025-10-10,NLIC,745.99,748.01,750.55,742.71,9878
2025-10-11,NLIC,754.53,744.65,755.66,742.66,7209
2025-10-12,NLIC,736.09,732.91,736.38,725.81,8393
2025-10-13,NLIC,728.85,725.98,732.48,725.31,9840
2025-10-14,NLIC,733.64,726.55,740.74,717.4,5463
2025-10-15,NLIC,721.12,715.04,723.06,711.62,7376
2025-10-16,NLIC,711.78,704.0,718.78,702.11,3177
2025-10-17,NLIC,695.04,699.8,701.64,686.48,9912
2025-10-18,NLIC,707.61,699.54,717.18,698.94,1506
2025-10-19,NLIC,705.66,713.87,714.84,705.09,9544
2025-10-20,NLIC,716.47,711.19,722.5,705.39,5859
2025-10-21,NLIC,717.16,716.48,726.78,714.73,3090
2025-10-22,NLIC,716.29,721.82,722.38,709.16,7090
2025-10-23,NLIC,714.54,719.11,727.43,712.09,9130
2025-10-24,NLIC,709.51,716.58,723.05,701.32,9760
2025-10-25,NLIC,724.49,719.74,732.96,710.05,9266
2025-10-26,NLIC,717.51,726.4,726.4,717.34,3574
2025-10-27,NLIC,734.24,735.8,742.92,728.11,3988
2025-10-28,NLIC,738.82,746.05,751.88,732.93,8276
2025-10-29,NLIC,756.01,762.34,762.44,755.02,4354
2025-10-30,NLIC,768.19,758.27,773.38,751.69,7112
2025-10-31,NLIC,760.94,769.44,775.0,756.67,4034
2025-11-01,NLIC,775.89,776.14,782.99,769.08,2965
2025-11-02,NLIC,780.61,789.21,793.28,777.33,5626
2025-11-03,NLIC,782.49,784.13,787.32,781.62,1148
2025-11-04,NLIC,777.58,785.22,794.64,772.85,7645
2025-11-05,NLIC,794.88,793.33,798.03,788.53,2310
2025-11-06,NLIC,792.42,790.12,798.08,787.56,4764
2025-11-07,NLIC,781.67,783.4,783.94,773.2,9412
2025-11-08,NLIC,779.3,789.02,795.24,774.71,5002
2025-11-09,NLIC,788.9,784.71,797.11,781.47,6441
2025-11-10,NLIC,777.75,786.79,790.6,775.38,3798
2025-11-11,NLIC,777.55,783.79,788.63,768.84,9212
2025-11-12,NLIC,782.14,780.12,784.89,772.95,7182
2025-11-13,NLIC,789.11,780.35,791.55,775.25,6903
2025-11-14,NLIC,782.0,778.77,782.99,773.75,1718
2025-11-15,NLIC,770.54,779.69,787.81,769.75,8117
2025-11-16,NLIC,788.69,790.49,797.86,782.36,3150
2025-11-17,NLIC,787.21,791.77,798.09,781.22,8605
2025-11-18,NLIC,784.54,780.87,791.79,771.75,3446
2025-11-19,NLIC,774.11,766.18,779.6,762.0,6137
2025-11-20,NLIC,768.66,772.53,774.03,760.18,7563
2025-11-21,NLIC,778.79,771.98,784.38,769.84,2700
2025-11-22,NLIC,779.32,776.61,787.34,774.36,6521
2025-11-23,NLIC,778.61,786.8,790.93,772.47,5262
2025-11-24,NLIC,784.59,777.92,787.13,777.18,1479
2025-11-25,NLIC,777.13,770.14,784.38,765.77,7955
2025-11-26,NLIC,778.19,780.59,781.82,770.56,9497
2025-11-27,NLIC,787.92,791.46,800.95,785.42,3664
2025-11-28,NLIC,785.24,783.53,793.27,776.71,6922
2025-11-29,NLIC,790.36,787.5,790.4,782.94,8016
2025-11-30,NLIC,795.26,801.15,807.36,790.36,6167
2025-12-01,NLIC,805.22,810.95,812.28,803.95,9696
2025-12-02,NLIC,820.37,822.18,823.64,818.24,9173
2025-12-03,NLIC,827.69,834.63,838.1,825.0,2822
2025-12-04,NLIC,843.39,846.14,851.75,841.66,1013
2025-12-05,NLIC,842.07,851.93,855.27,836.68,2967
2025-12-06,NLIC,852.95,861.92,863.49,848.39,5479
2025-12-07,NLIC,858.1,865.12,873.24,854.71,3734
2025-12-08,NLIC,855.37,860.45,861.71,848.65,7541
2025-12-09,NLIC,865.83,870.96,878.01,861.97,3539
2025-12-10,NLIC,878.47,871.13,885.53,869.34,3959
2025-12-11,NLIC,876.1,885.11,892.07,869.38,1996
2025-12-12,NLIC,892.68,891.38,895.25,890.87,4686
2025-12-13,NLIC,887.9,885.67,891.88,876.53,5947
2025-12-14,NLIC,886.66,893.44,901.25,879.26,3631
2025-12-15,NLIC,893.14,883.51,899.34,883.31,5875
2025-12-16,NLIC,878.45,888.03,896.31,875.44,6158
2025-12-17,NLIC,878.94,879.87,888.02,874.3,5286
2025-12-18,NLIC,883.61,890.25,891.77,875.71,6322
2025-12-19,NLIC,896.08,903.11,911.05,887.22,4710
2025-12-20,NLIC,893.99,897.15,898.79,888.29,7279
2025-12-21,NLIC,897.55,888.27,899.65,879.94,5417
2025-12-22,NLIC,895.97,886.36,903.07,885.28,5691
2025-12-23,NLIC,889.68,898.03,907.26,884.49,1590
2025-12-24,NLIC,894.56,898.51,907.2,886.94,2677
2025-12-25,NLIC,888.89,883.61,889.91,875.76,9152
2025-12-26,NLIC,888.56,894.17,902.06,880.6,3469
2025-12-27,NLIC,897.07,889.48,904.7,885.86,3620
2025-12-28,NLIC,893.08,884.51,893.95,875.06,3631
2025-12-29,NLIC,886.88,890.32,890.38,877.74,1642
2025-12-30,NLIC,891.09,886.02,895.99,881.69,6069
2025-12-31,NLIC,888.63,888.25,890.48,879.85,6043
2026-01-01,NLIC,879.39,872.89,881.51,871.69,3930
2026-01-02,NLIC,864.79,868.44,877.37,855.59,6995
2026-01-03,NLIC,875.65,868.49,879.76,866.36,7717
2026-01-04,NLIC,861.04,856.94,862.66,854.62,6007
2026-01-05,NLIC,858.31,854.72,867.42,851.06,8060
2026-01-06,NLIC,858.69,852.33,867.05,848.91,6818
2026-01-07,NLIC,859.34,865.21,874.9,855.36,3056
2026-01-08,NLIC,869.13,862.28,872.69,860.49,6508
2026-01-09,NLIC,860.19,851.09,868.58,843.36,6612
2026-01-10,NLIC,842.5,840.83,850.93,833.57,6983
2026-01-11,NLIC,836.55,832.2,837.48,825.37,3481
2026-01-12,NLIC,829.66,821.18,832.8,820.92,9632
2026-01-13,NLIC,820.23,829.39,838.25,814.03,1424
2026-01-14,NLIC,834.89,844.3,846.94,828.14,6841
2026-01-15,NLIC,845.08,846.27,848.16,840.98,2800
2026-01-16,NLIC,849.0,851.37,859.9,843.17,5251
2026-01-17,NLIC,848.75,857.86,866.27,846.43,4463
2026-01-18,NLIC,859.58,855.36,862.26,851.47,2093
2026-01-19,NLIC,854.9,861.59,865.18,846.33,8071
2026-01-20,NLIC,859.41,865.87,872.57,849.49,2005
2026-01-21,NLIC,860.52,860.6,869.58,854.65,9010
2026-01-22,NLIC,870.33,860.61,873.77,854.66,9318
2026-01-23,NLIC,855.26,851.98,857.85,845.25,1125
2026-01-24,NLIC,852.15,843.55,856.21,840.83,3938
2026-01-25,NLIC,843.28,851.61,854.52,835.11,6482
2026-01-26,NLIC,845.78,843.14,848.98,836.92,3422
2026-01-27,NLIC,834.31,826.01,843.82,820.52,6154
2026-01-28,NLIC,822.45,820.73,829.7,811.44,4971
2026-01-29,NLIC,811.63,821.43,824.89,806.46,6270
2026-01-30,NLIC,811.56,805.42,815.33,795.97,5956
2026-01-31,NLIC,804.76,813.37,815.56,800.52,6999
2026-02-01,NLIC,820.78,817.88,829.02,811.33,6003
2026-02-02,NLIC,812.76,819.35,821.83,808.83,6061
2026-02-03,NLIC,823.64,818.42,832.8,815.56,7495
2026-02-04,NLIC,812.23,804.62,820.15,801.07,2533
2026-02-05,NLIC,805.34,811.92,821.25,796.86,1286
2026-02-06,NLIC,812.9,820.06,829.37,808.28,8776
2026-02-07,NLIC,823.64,829.85,835.25,815.37,2910
2026-02-08,NLIC,830.73,824.75,836.35,814.75,3096
2026-02-09,NLIC,823.1,827.73,834.62,817.24,7774
2026-02-10,NLIC,824.14,826.55,829.99,822.29,4254
2026-02-11,NLIC,827.66,831.69,836.42,819.11,7495
2026-02-12,NLIC,825.08,826.87,828.61,816.65,3143
2026-02-13,NLIC,817.56,821.4,823.88,810.27,3666
2026-02-14,NLIC,821.34,813.65,828.63,809.7,8270
2026-02-15,NLIC,804.64,795.51,805.48,791.67,1282
2026-02-16,NLIC,804.58,809.12,809.99,796.83,5370
2026-02-17,NLIC,812.34,805.09,815.34,797.78,9884
2026-02-18,NLIC,797.6,804.26,806.49,794.62,9404
2026-02-19,NLIC,805.5,803.3,807.96,795.66,1643
2026-02-20,NLIC,812.13,804.26,821.66,794.51,1897
2026-02-21,NLIC,803.56,808.76,809.67,794.09,1439
2026-02-22,NLIC,810.58,812.94,821.06,801.26,3561
2026-02-23,NLIC,811.11,814.91,815.31,808.61,5468
2026-02-24,NLIC,820.41,816.98,823.21,808.23,5624
2026-02-25,NLIC,810.4,802.86,819.35,797.89,5143
2026-02-26,NLIC,811.81,803.09,813.23,795.07,7117
2026-02-27,NLIC,807.78,805.31,814.43,801.84,2704
2026-02-28,NLIC,813.19,814.16,819.22,811.56,8710
2026-03-01,NLIC,808.82,816.07,820.67,807.64,4007
2026-03-02,NLIC,822.36,817.42,832.18,810.46,4459
2026-03-03,NLIC,808.46,804.27,813.24,803.26,2722
2026-03-04,NLIC,806.82,807.21,809.09,797.2,6044
2026-03-05,NLIC,801.34,795.68,802.45,786.97,1941
2026-03-06,NLIC,802.11,802.93,805.13,796.96,2213
2026-03-07,NLIC,808.72,799.4,809.03,798.9,2702
2026-03-08,NLIC,808.17,802.71,814.0,794.31,6909
2026-03-09,NLIC,812.66,803.29,822.28,795.61,7237
2026-03-10,NLIC,810.77,816.61,819.35,805.02,6943
2026-03-11,NLIC,820.22,821.79,824.52,814.3,2905
2026-03-12,NLIC,813.15,808.0,820.8,803.58,2639
2026-03-13,NLIC,798.18,795.18,800.04,791.09,5928
2026-03-14,NLIC,801.54,799.55,807.9,792.93,2105
2026-03-15,NLIC,798.9,800.59,803.44,789.02,2011
2026-03-16,NLIC,809.12,802.16,811.01,793.34,2717
2026-03-17,NLIC,796.79,789.37,805.99,785.48,5656
2026-03-18,NLIC,790.12,787.42,799.15,780.73,6538
2026-03-19,NLIC,777.95,783.01,786.49,772.16,6543
2026-03-20,NLIC,774.12,780.56,780.9,767.38,5630
2026-03-21,NLIC,775.74,769.58,781.77,759.97,2637
2026-03-22,NLIC,766.2,769.64,776.9,759.92,8089
2026-03-23,NLIC,772.29,769.58,775.85,763.46,6212
2026-03-24,NLIC,763.75,762.82,766.36,756.92,6077
2026-03-25,NLIC,764.38,766.98,775.96,756.54,9253
2026-03-26,NLIC,768.22,770.39,777.83,759.69,9289
2026-03-27,NLIC,775.58,781.04,787.22,767.71,4894
2026-03-28,NLIC,775.08,781.73,786.67,769.14,2229
2026-03-29,NLIC,776.23,779.09,782.16,767.82,3134
2025-10-01,MNBBL,560.25,569.82,575.23,551.66,1912
2025-10-02,MNBBL,570.02,562.3,577.07,553.42,4772
2025-10-03,MNBBL,552.32,560.45,561.18,547.81,8158
2025-10-04,MNBBL,555.35,548.73,560.43,541.8,8263
2025-10-05,MNBBL,542.52,549.4,549.55,539.77,1433
2025-10-06,MNBBL,554.01,546.53,562.13,545.57,1432
2025-10-07,MNBBL,547.87,539.04,554.8,537.26,8804
2025-10-08,MNBBL,530.97,529.93,538.03,522.18,5466
2025-10-09,MNBBL,525.58,520.15,529.4,510.16,4143
2025-10-10,MNBBL,517.72,518.31,521.6,515.7,7362
2025-10-11,MNBBL,523.67,521.09,528.96,514.55,9073
2025-10-12,MNBBL,526.66,517.93,529.36,508.42,7064
2025-10-13,MNBBL,520.11,521.86,531.22,516.06,6023
2025-10-14,MNBBL,513.0,517.02,520.12,509.57,6261
2025-10-15,MNBBL,519.29,510.92,525.19,509.48,2550
2025-10-16,MNBBL,512.41,520.11,524.19,510.17,4420
2025-10-17,MNBBL,514.99,522.18,530.97,505.89,1357
2025-10-18,MNBBL,520.93,517.4,530.79,514.34,5598
2025-10-19,MNBBL,515.81,523.6,531.03,514.43,1345
2025-10-20,MNBBL,519.65,517.8,522.19,515.36,4485
2025-10-21,MNBBL,517.46,516.97,526.98,514.06,2109
2025-10-22,MNBBL,522.95,522.22,529.59,521.67,4930
2025-10-23,MNBBL,527.12,534.85,541.62,524.5,9078
2025-10-24,MNBBL,526.42,526.9,527.67,519.39,6957
2025-10-25,MNBBL,523.8,526.04,529.92,516.68,4670
2025-10-26,MNBBL,521.76,514.95,523.03,513.42,8116
2025-10-27,MNBBL,513.95,511.36,521.44,507.63,7131
2025-10-28,MNBBL,512.3,508.48,521.08,502.49,4184
2025-10-29,MNBBL,508.78,512.82,518.9,499.74,3004
2025-10-30,MNBBL,510.83,508.32,520.51,499.79,6031
2025-10-31,MNBBL,514.66,524.12,532.64,504.81,4203
2025-11-01,MNBBL,521.02,513.07,529.66,506.42,4271
2025-11-02,MNBBL,507.19,504.14,516.93,496.54,6936
2025-11-03,MNBBL,504.43,511.18,516.37,499.82,3121
2025-11-04,MNBBL,507.95,503.98,512.95,503.03,1159
2025-11-05,MNBBL,504.46,513.12,520.65,499.22,5326
2025-11-06,MNBBL,519.63,514.78,528.77,506.39,4658
2025-11-07,MNBBL,518.74,517.79,527.69,512.28,8592
2025-11-08,MNBBL,511.23,509.35,518.64,502.02,2365
2025-11-09,MNBBL,504.04,513.88,515.32,500.18,4969
2025-11-10,MNBBL,512.52,505.29,520.13,504.5,8964
2025-11-11,MNBBL,503.59,501.43,510.26,494.57,8481
2025-11-12,MNBBL,502.69,507.28,513.07,496.23,5135
2025-11-13,MNBBL,514.77,506.17,524.43,499.44,5377
2025-11-14,MNBBL,498.1,489.77,504.73,487.02,5701
2025-11-15,MNBBL,483.7,490.28,495.58,480.16,5358
2025-11-16,MNBBL,495.83,492.05,497.61,488.99,9341
2025-11-17,MNBBL,495.72,488.03,502.68,480.59,3581
2025-11-18,MNBBL,490.63,494.26,502.55,489.45,7589
2025-11-19,MNBBL,491.62,484.87,492.55,479.81,8497
2025-11-20,MNBBL,484.51,476.71,486.02,471.03,8277
2025-11-21,MNBBL,484.7,477.06,489.82,473.62,4548
2025-11-22,MNBBL,473.54,479.61,480.37,467.84,3679
2025-11-23,MNBBL,472.32,475.16,482.8,468.27,9498
2025-11-24,MNBBL,469.64,472.55,477.97,469.19,1010
2025-11-25,MNBBL,473.08,481.53,489.83,472.38,1497
2025-11-26,MNBBL,475.27,467.79,485.23,466.84,1008
2025-11-27,MNBBL,477.32,468.52,486.48,467.61,5239
2025-11-28,MNBBL,476.83,469.5,481.97,467.71,4231
2025-11-29,MNBBL,466.9,471.79,481.23,459.39,4632
2025-11-30,MNBBL,473.26,480.81,484.83,464.24,5529
2025-12-01,MNBBL,472.94,480.96,485.66,464.33,6302
2025-12-02,MNBBL,475.46,467.08,481.19,465.48,5401
2025-12-03,MNBBL,457.32,463.95,473.37,450.67,3027
2025-12-04,MNBBL,472.4,464.65,482.25,459.74,4375
2025-12-05,MNBBL,463.63,460.8,465.21,456.6,2100
2025-12-06,MNBBL,457.46,460.67,469.43,449.85,4333
2025-12-07,MNBBL,470.09,474.71,478.35,465.67,8792
2025-12-08,MNBBL,471.64,477.99,482.58,468.05,8494
2025-12-09,MNBBL,487.58,487.1,490.54,481.74,8988
2025-12-10,MNBBL,489.41,486.73,490.65,480.43,3122
2025-12-11,MNBBL,488.67,480.5,496.44,475.79,7789
2025-12-12,MNBBL,482.72,492.25,498.92,474.07,4760
2025-12-13,MNBBL,499.73,500.37,503.38,497.16,9856
2025-12-14,MNBBL,495.27,504.51,505.61,489.2,6468
2025-12-15,MNBBL,504.76,505.15,509.42,497.57,6385
2025-12-16,MNBBL,510.35,501.98,513.99,501.82,8013
2025-12-17,MNBBL,494.39,492.28,500.88,485.77,3886
2025-12-18,MNBBL,485.21,493.13,502.48,479.62,1093
2025-12-19,MNBBL,489.38,494.82,501.48,479.88,6200
2025-12-20,MNBBL,486.8,477.82,486.95,475.93,5249
2025-12-21,MNBBL,474.64,468.17,477.08,458.74,6888
2025-12-22,MNBBL,472.65,467.76,479.56,462.59,4429
2025-12-23,MNBBL,462.07,461.16,468.11,454.18,6244
2025-12-24,MNBBL,466.47,469.69,471.89,464.54,3894
2025-12-25,MNBBL,465.0,458.97,473.75,453.66,2066
2025-12-26,MNBBL,468.31,462.08,471.78,458.58,7036
2025-12-27,MNBBL,469.5,464.1,474.25,457.74,8904
2025-12-28,MNBBL,463.95,456.35,468.14,453.09,2391
2025-12-29,MNBBL,461.54,462.16,470.22,455.86,6927
2025-12-30,MNBBL,470.58,480.54,483.78,462.7,7756
2025-12-31,MNBBL,476.09,472.4,482.89,471.99,4372
2026-01-01,MNBBL,467.08,465.93,472.01,464.06,4247
2026-01-02,MNBBL,472.73,480.45,487.81,467.72,9893
2026-01-03,MNBBL,486.02,493.46,496.55,478.74,4915
2026-01-04,MNBBL,485.0,478.95,489.32,475.74,2019
2026-01-05,MNBBL,473.09,480.42,489.98,468.22,4141
2026-01-06,MNBBL,484.9,492.31,496.84,479.79,4118
2026-01-07,MNBBL,487.58,493.4,502.83,484.92,6566
2026-01-08,MNBBL,499.6,496.78,501.11,492.51,8619
2026-01-09,MNBBL,499.25,500.92,508.97,493.84,7595
2026-01-10,MNBBL,499.07,507.58,510.72,495.42,9168
2026-01-11,MNBBL,505.58,501.44,512.8,497.88,4930
2026-01-12,MNBBL,499.23,505.1,507.46,495.29,3210
2026-01-13,MNBBL,502.88,509.89,511.09,502.67,2376
2026-01-14,MNBBL,502.78,499.81,504.82,497.16,7121
2026-01-15,MNBBL,498.25,501.49,503.54,497.56,6090
2026-01-16,MNBBL,507.06,515.18,523.58,506.49,4768
2026-01-17,MNBBL,508.29,504.37,518.17,499.58,6691
2026-01-18,MNBBL,500.36,492.54,501.11,491.47,6859
2026-01-19,MNBBL,500.24,508.47,514.23,498.59,2773
2026-01-20,MNBBL,515.27,515.45,518.54,512.8,2932
2026-01-21,MNBBL,508.98,504.46,517.51,495.66,4725
2026-01-22,MNBBL,503.77,500.72,510.41,500.51,5904
2026-01-23,MNBBL,494.32,496.33,500.24,486.39,5571
2026-01-24,MNBBL,492.18,500.22,508.71,486.9,2486
2026-01-25,MNBBL,492.29,492.92,497.37,482.79,6415
2026-01-26,MNBBL,490.93,494.96,498.18,481.65,7854
2026-01-27,MNBBL,501.37,511.12,513.42,497.47,7621
2026-01-28,MNBBL,515.28,507.26,523.48,507.14,6169
2026-01-29,MNBBL,513.85,505.43,520.32,497.23,9987
2026-01-30,MNBBL,510.63,506.53,519.94,499.71,4345
2026-01-31,MNBBL,501.72,507.48,515.13,501.38,5140
2026-02-01,MNBBL,508.99,504.7,510.85,497.7,7753
2026-02-02,MNBBL,513.27,503.47,522.54,498.9,2582
2026-02-03,MNBBL,499.93,490.74,501.84,489.63,5461
2026-02-04,MNBBL,495.99,499.35,499.67,487.56,3980
2026-02-05,MNBBL,498.07,500.25,500.91,490.78,2984
2026-02-06,MNBBL,493.84,496.1,496.26,484.27,3206
2026-02-07,MNBBL,497.6,506.5,508.6,494.66,1082
2026-02-08,MNBBL,509.53,503.61,515.59,493.83,7079
2026-02-09,MNBBL,505.16,496.18,513.04,492.23,4178
2026-02-10,MNBBL,497.96,489.89,505.85,486.15,3336
2026-02-11,MNBBL,486.88,486.1,496.44,476.67,7833
2026-02-12,MNBBL,493.26,501.83,501.89,485.36,8664
2026-02-13,MNBBL,505.09,495.68,509.42,490.47,8218
2026-02-14,MNBBL,488.9,481.74,491.98,472.19,2237
2026-02-15,MNBBL,479.66,485.5,491.75,470.87,2390
2026-02-16,MNBBL,487.53,484.46,496.98,477.5,6504
2026-02-17,MNBBL,480.53,482.99,488.15,477.21,8093
2026-02-18,MNBBL,477.25,480.0,488.54,472.01,9397
2026-02-19,MNBBL,477.67,476.57,479.36,473.38,9463
2026-02-20,MNBBL,470.35,462.59,478.89,455.77,5796
2026-02-21,MNBBL,468.32,465.93,477.78,462.93,7559
2026-02-22,MNBBL,468.62,473.08,476.74,461.25,5194
2026-02-23,MNBBL,467.85,473.06,476.66,464.61,5916
2026-02-24,MNBBL,473.94,469.43,483.89,464.95,7316
2026-02-25,MNBBL,474.68,478.3,482.23,468.71,6801
2026-02-26,MNBBL,478.52,477.0,487.86,476.85,6599
2026-02-27,MNBBL,479.45,471.14,480.48,470.39,3678
2026-02-28,MNBBL,473.14,463.5,474.05,458.33,5485
2026-03-01,MNBBL,459.01,456.42,463.01,454.26,6124
2026-03-02,MNBBL,463.07,466.09,466.22,454.89,4127
2026-03-03,MNBBL,463.6,456.5,467.02,446.67,8900
2026-03-04,MNBBL,459.38,451.48,465.19,444.34,1210
2026-03-05,MNBBL,460.56,457.65,467.97,450.87,9827
2026-03-06,MNBBL,448.43,457.25,466.48,446.2,3448
2026-03-07,MNBBL,458.7,453.3,464.76,445.28,8967
2026-03-08,MNBBL,449.99,456.3,463.39,446.65,6193
2026-03-09,MNBBL,461.19,471.01,475.72,451.76,3178
2026-03-10,MNBBL,467.71,465.09,470.31,457.62,8071
2026-03-11,MNBBL,465.71,457.63,475.41,451.83,9596
2026-03-12,MNBBL,452.12,457.59,460.04,444.96,5765
2026-03-13,MNBBL,455.16,451.15,458.12,449.83,1675
2026-03-14,MNBBL,449.53,456.63,465.52,448.99,4738
2026-03-15,MNBBL,448.17,448.01,450.38,443.53,4560
2026-03-16,MNBBL,443.81,452.73,461.36,435.79,6220
2026-03-17,MNBBL,455.53,459.17,468.98,447.41,9812
2026-03-18,MNBBL,466.49,475.75,476.61,458.18,8608
2026-03-19,MNBBL,479.13,483.04,483.38,471.44,6365
2026-03-20,MNBBL,474.08,478.04,479.24,469.75,9619
2026-03-21,MNBBL,469.59,466.13,472.01,458.22,2594
2026-03-22,MNBBL,466.5,456.53,472.17,451.5,9824
2026-03-23,MNBBL,460.33,469.57,475.35,452.52,7317
2026-03-24,MNBBL,472.13,477.24,479.37,465.19,4054
2026-03-25,MNBBL,470.14,474.29,478.93,465.25,1419
2026-03-26,MNBBL,467.87,463.8,468.58,460.86,3225
2026-03-27,MNBBL,460.69,464.2,466.8,452.72,9923
2026-03-28,MNBBL,466.54,460.56,472.24,456.27,8957
2026-03-29,MNBBL,464.96,467.52,470.04,456.3,6817
2025-10-01,CHCL,602.18,606.7,609.95,593.72,8997
2025-10-02,CHCL,608.86,601.17,613.8,593.41,5813
2025-10-03,CHCL,605.13,600.21,609.4,592.71,3922
2025-10-04,CHCL,597.53,606.09,610.16,595.24,1474
2025-10-05,CHCL,609.4,605.65,615.58,605.32,6241
2025-10-06,CHCL,614.82,614.76,619.99,608.31,4393
2025-10-07,CHCL,622.88,613.04,624.23,612.16,8662
2025-10-08,CHCL,603.92,601.88,612.69,601.84,9795
2025-10-09,CHCL,596.48,587.25,599.99,581.53,6370
2025-10-10,CHCL,591.42,581.54,599.63,576.63,7327
2025-10-11,CHCL,574.57,569.07,583.54,561.73,2526
2025-10-12,CHCL,574.63,577.94,585.41,571.75,8089
2025-10-13,CHCL,575.77,577.27,582.44,573.03,5643
2025-10-14,CHCL,569.52,566.95,579.17,566.58,1986
2025-10-15,CHCL,570.58,567.47,573.06,562.17,9770
2025-10-16,CHCL,561.93,558.49,564.09,550.38,5572
2025-10-17,CHCL,553.79,563.73,571.19,546.55,7303
2025-10-18,CHCL,565.3,555.39,574.57,551.88,5729
2025-10-19,CHCL,563.3,554.82,565.31,554.18,3787
2025-10-20,CHCL,557.18,549.64,565.95,548.87,5192
2025-10-21,CHCL,548.15,544.85,556.41,535.65,9103
2025-10-22,CHCL,539.89,530.63,544.79,529.91,2847
2025-10-23,CHCL,527.17,520.3,535.09,511.95,1563
2025-10-24,CHCL,515.86,510.71,519.48,504.06,7852
2025-10-25,CHCL,514.11,520.18,522.13,511.09,2209
2025-10-26,CHCL,510.76,506.98,510.92,501.25,8668
2025-10-27,CHCL,498.0,497.95,501.72,488.0,9384
2025-10-28,CHCL,503.06,508.1,515.3,497.11,6989
2025-10-29,CHCL,507.16,502.69,511.58,498.13,6500
2025-10-30,CHCL,493.23,488.74,501.65,480.07,6409
2025-10-31,CHCL,490.54,490.88,498.55,483.03,7078
2025-11-01,CHCL,487.48,489.46,499.22,481.23,6558
2025-11-02,CHCL,491.88,486.22,497.49,481.61,4138
2025-11-03,CHCL,476.37,471.79,485.84,470.62,8969
2025-11-04,CHCL,463.0,453.83,468.03,446.42,1846
2025-11-05,CHCL,446.51,442.62,452.7,434.96,2800
2025-11-06,CHCL,451.86,455.77,460.27,448.5,7924
2025-11-07,CHCL,462.88,467.36,476.38,455.09,3576
2025-11-08,CHCL,459.3,461.53,469.29,456.41,2203
2025-11-09,CHCL,463.04,454.57,463.44,447.82,1917
2025-11-10,CHCL,449.04,452.59,459.51,441.3,3145
2025-11-11,CHCL,451.43,444.12,458.5,436.13,9435
2025-11-12,CHCL,449.81,449.63,458.56,439.73,3339
2025-11-13,CHCL,456.99,462.51,471.76,449.37,4294
2025-11-14,CHCL,453.35,454.7,455.15,447.11,7138
2025-11-15,CHCL,460.57,468.59,476.34,455.04,4411
2025-11-16,CHCL,478.21,475.67,479.74,466.89,1207
2025-11-17,CHCL,483.13,481.46,486.81,473.99,9405
2025-11-18,CHCL,489.83,480.11,490.1,472.79,4494
2025-11-19,CHCL,483.0,485.88,487.62,476.87,9382
2025-11-20,CHCL,486.15,491.82,499.49,481.58,5208
2025-11-21,CHCL,492.69,492.75,495.66,489.49,1190
2025-11-22,CHCL,486.1,492.88,496.65,480.85,4291
2025-11-23,CHCL,488.95,482.23,495.36,479.48,4046
2025-11-24,CHCL,491.88,499.01,507.01,485.74,4755
2025-11-25,CHCL,493.69,484.68,494.19,481.26,9788
2025-11-26,CHCL,489.44,498.0,505.73,482.25,2601
2025-11-27,CHCL,492.26,483.69,495.79,478.31,8574
2025-11-28,CHCL,492.2,496.22,504.02,486.84,2938
2025-11-29,CHCL,490.99,487.56,495.66,481.49,5543
2025-11-30,CHCL,488.24,484.64,498.18,478.8,6962
2025-12-01,CHCL,492.77,485.35,493.0,477.43,7780
2025-12-02,CHCL,490.87,488.52,496.12,487.22,2513
2025-12-03,CHCL,492.66,488.19,496.31,481.54,9213
2025-12-04,CHCL,496.56,489.02,501.8,479.37,6277
2025-12-05,CHCL,498.28,494.35,499.09,489.96,1425
2025-12-06,CHCL,486.98,479.91,488.47,478.44,7883
2025-12-07,CHCL,472.77,482.21,491.83,465.89,2185
2025-12-08,CHCL,491.52,497.95,500.42,491.1,3413
2025-12-09,CHCL,490.46,497.43,497.85,485.15,8353
2025-12-10,CHCL,500.02,504.96,508.98,496.63,4490
2025-12-11,CHCL,510.95,502.82,513.05,496.75,8091
2025-12-12,CHCL,511.0,512.44,521.17,505.01,2364
2025-12-13,CHCL,502.57,495.4,511.81,491.02,7653
2025-12-14,CHCL,494.45,499.2,499.87,494.02,3399
2025-12-15,CHCL,508.91,515.63,525.52,504.57,1387
2025-12-16,CHCL,516.85,516.83,523.6,515.1,9135
2025-12-17,CHCL,510.16,509.97,517.1,509.75,9248
2025-12-18,CHCL,518.57,513.46,525.43,509.93,3887
2025-12-19,CHCL,521.52,528.58,531.03,514.93,5267
2025-12-20,CHCL,537.27,528.5,545.6,519.11,9018
2025-12-21,CHCL,527.28,532.08,534.31,521.18,9138
2025-12-22,CHCL,530.13,537.52,539.09,524.18,1160
2025-12-23,CHCL,546.28,556.18,556.8,542.76,3047
2025-12-24,CHCL,559.45,562.35,569.9,557.89,1059
2025-12-25,CHCL,561.81,556.92,567.34,554.37,5657
2025-12-26,CHCL,561.28,553.6,570.32,543.92,6850
2025-12-27,CHCL,547.64,547.44,550.09,542.29,4982
2025-12-28,CHCL,538.89,535.76,547.63,531.36,1943
2025-12-29,CHCL,541.73,538.8,545.62,538.44,5662
2025-12-30,CHCL,546.82,539.65,551.25,539.47,8612
2025-12-31,CHCL,538.12,537.41,544.43,527.99,4826
2026-01-01,CHCL,537.89,538.75,540.12,532.44,7618
2026-01-02,CHCL,544.84,551.54,555.52,541.42,8028
2026-01-03,CHCL,561.29,551.69,570.0,544.54,1675
2026-01-04,CHCL,559.17,565.94,570.59,550.92,9911
2026-01-05,CHCL,565.01,560.47,565.57,558.76,4552
2026-01-06,CHCL,560.83,551.17,567.98,541.34,6015
2026-01-07,CHCL,559.57,550.46,564.05,545.09,7638
2026-01-08,CHCL,549.62,558.33,566.43,546.25,2490
2026-01-09,CHCL,552.29,543.12,556.94,541.79,8087
2026-01-10,CHCL,546.57,537.34,555.61,533.18,5208
2026-01-11,CHCL,538.44,529.83,545.0,529.71,3966
2026-01-12,CHCL,527.87,522.88,530.02,518.44,7286
2026-01-13,CHCL,517.73,516.0,521.05,513.78,1457
2026-01-14,CHCL,509.42,513.47,515.47,505.55,9797
2026-01-15,CHCL,504.34,514.33,519.49,496.8,2382
2026-01-16,CHCL,521.99,529.77,531.01,518.88,7338
2026-01-17,CHCL,529.95,535.62,541.13,528.62,7912
2026-01-18,CHCL,532.4,522.87,534.12,514.24,5561
2026-01-19,CHCL,513.98,516.47,520.2,505.07,3474
2026-01-20,CHCL,516.76,521.46,523.36,514.93,3127
2026-01-21,CHCL,517.55,526.17,529.06,509.16,8739
2026-01-22,CHCL,517.66,518.58,519.17,515.45,9992
2026-01-23,CHCL,520.07,514.71,528.36,506.12,8284
2026-01-24,CHCL,523.75,521.91,530.25,513.87,8581
2026-01-25,CHCL,523.61,516.73,530.76,515.34,5050
2026-01-26,CHCL,510.45,516.82,520.31,504.29,4906
2026-01-27,CHCL,524.5,521.4,532.72,519.05,2370
2026-01-28,CHCL,517.58,515.85,521.23,506.52,6691
2026-01-29,CHCL,513.43,509.79,521.26,500.13,3905
2026-01-30,CHCL,506.83,503.46,515.28,495.84,3763
2026-01-31,CHCL,493.69,489.66,498.04,480.74,8789
2026-02-01,CHCL,480.29,489.61,497.83,471.55,3332
2026-02-02,CHCL,485.39,483.58,493.18,475.22,9882
2026-02-03,CHCL,481.14,472.69,488.79,472.37,7273
2026-02-04,CHCL,465.82,473.9,474.6,462.51,2918
2026-02-05,CHCL,480.04,483.37,490.05,471.98,1310
2026-02-06,CHCL,486.76,492.33,500.56,478.92,9497
2026-02-07,CHCL,493.01,487.22,501.27,484.71,3915
2026-02-08,CHCL,491.47,485.33,500.38,484.63,5271
2026-02-09,CHCL,489.32,482.91,493.05,479.68,1389
2026-02-10,CHCL,489.54,498.26,505.64,483.1,8030
2026-02-11,CHCL,492.28,490.55,495.53,487.24,9627
2026-02-12,CHCL,488.19,494.74,498.26,482.19,4455
2026-02-13,CHCL,498.98,490.89,501.21,484.29,6482
2026-02-14,CHCL,488.95,485.79,498.52,478.88,8746
2026-02-15,CHCL,480.19,478.72,484.0,476.74,8111
2026-02-16,CHCL,480.01,481.21,485.55,473.95,1291
2026-02-17,CHCL,490.4,481.73,493.92,473.71,8348
2026-02-18,CHCL,489.93,496.99,501.77,482.14,6291
2026-02-19,CHCL,502.58,500.22,508.55,492.5,6200
2026-02-20,CHCL,506.22,501.71,515.77,498.96,3214
2026-02-21,CHCL,499.89,489.93,507.66,481.44,7253
2026-02-22,CHCL,490.04,497.35,503.73,489.64,6922
2026-02-23,CHCL,499.63,491.45,504.59,490.64,7307
2026-02-24,CHCL,495.51,504.21,508.93,489.96,7341
2026-02-25,CHCL,500.36,494.37,506.74,489.33,8682
2026-02-26,CHCL,496.04,492.89,501.83,490.01,1197
2026-02-27,CHCL,485.68,488.94,490.09,478.17,8118
2026-02-28,CHCL,492.33,500.41,508.43,485.31,6470
2026-03-01,CHCL,499.65,507.28,512.69,499.16,6525
2026-03-02,CHCL,516.94,517.91,520.18,511.38,4863
2026-03-03,CHCL,512.69,516.11,518.56,507.76,2896
2026-03-04,CHCL,514.51,524.47,534.1,512.83,8946
2026-03-05,CHCL,529.95,522.68,537.94,517.15,9887
2026-03-06,CHCL,519.47,527.51,529.91,513.5,7370
2026-03-07,CHCL,528.72,538.65,542.04,519.76,1254
2026-03-08,CHCL,536.11,540.76,542.15,526.36,6058
2026-03-09,CHCL,549.61,540.51,553.01,534.74,6785
2026-03-10,CHCL,546.85,537.92,556.08,528.78,8402
2026-03-11,CHCL,541.79,542.06,548.51,537.05,6986
2026-03-12,CHCL,550.32,559.47,560.02,546.7,6698
2026-03-13,CHCL,561.64,568.69,574.49,552.38,8109
2026-03-14,CHCL,576.75,577.76,578.0,570.99,8384
2026-03-15,CHCL,570.7,569.89,575.81,569.75,1765
2026-03-16,CHCL,573.05,570.05,574.32,564.54,6370
2026-03-17,CHCL,575.72,569.02,577.18,567.68,8651
2026-03-18,CHCL,572.12,576.88,578.93,564.57,5076
2026-03-19,CHCL,567.64,571.65,579.39,567.11,7259
2026-03-20,CHCL,578.35,574.31,587.36,568.6,5595
2026-03-21,CHCL,565.92,565.17,575.38,561.3,7340
2026-03-22,CHCL,559.19,561.61,566.94,551.27,2901
2026-03-23,CHCL,554.13,563.14,569.94,545.85,3366
2026-03-24,CHCL,565.19,564.92,566.66,559.5,4069
2026-03-25,CHCL,562.0,553.5,563.77,550.83,4681
2026-03-26,CHCL,552.25,559.54,563.87,542.35,4635
2026-03-27,CHCL,562.13,559.71,571.0,555.45,6941
2026-03-28,CHCL,549.85,547.42,553.16,540.84,1604
2026-03-29,CHCL,555.64,560.87,561.96,554.9,5884
2025-10-01,SCB,457.78,449.14,459.36,443.94,3142
2025-10-02,SCB,451.98,442.53,461.32,436.48,8577
2025-10-03,SCB,448.95,456.58,461.48,443.62,6158
2025-10-04,SCB,463.0,459.81,472.59,458.64,3830
2025-10-05,SCB,451.39,444.63,452.47,439.11,3966
2025-10-06,SCB,444.0,445.83,446.13,443.06,8599
2025-10-07,SCB,455.28,461.03,463.1,453.01,1928
2025-10-08,SCB,460.0,467.79,476.83,456.66,9105
2025-10-09,SCB,461.35,462.4,464.7,453.22,1572
2025-10-10,SCB,465.22,459.18,474.04,452.58,8231
2025-10-11,SCB,458.24,460.61,467.56,449.07,3940
2025-10-12,SCB,451.74,443.79,456.56,441.73,9289
2025-10-13,SCB,445.8,440.2,447.91,434.33,7597
2025-10-14,SCB,431.97,425.33,435.81,417.29,8489
2025-10-15,SCB,431.46,425.51,440.73,420.95,2993
2025-10-16,SCB,419.43,416.66,427.49,416.08,9300
2025-10-17,SCB,422.52,427.86,431.11,416.33,6123
2025-10-18,SCB,429.12,426.0,435.4,421.46,2517
2025-10-19,SCB,426.96,430.16,433.18,426.39,9112
2025-10-20,SCB,439.37,448.59,455.9,430.42,1437
2025-10-21,SCB,443.05,439.63,445.34,438.35,1423
2025-10-22,SCB,439.56,429.82,446.08,422.74,6006
2025-10-23,SCB,423.56,431.72,432.26,413.81,9508
2025-10-24,SCB,429.69,421.62,438.06,414.72,6448
2025-10-25,SCB,426.48,429.3,436.76,426.44,8350
2025-10-26,SCB,426.98,430.88,432.25,418.55,1161
2025-10-27,SCB,424.59,421.01,428.52,418.56,1757
2025-10-28,SCB,421.45,417.31,426.43,415.68,3115
2025-10-29,SCB,413.03,421.55,431.06,411.06,8691
2025-10-30,SCB,415.01,408.36,416.74,399.02,7125
2025-10-31,SCB,405.86,412.89,418.9,404.36,3464
2025-11-01,SCB,418.06,424.56,432.13,415.83,9913
2025-11-02,SCB,433.54,441.06,447.15,431.42,9983
2025-11-03,SCB,435.27,435.56,440.36,426.32,9973
2025-11-04,SCB,444.57,444.72,451.05,443.96,9580
2025-11-05,SCB,447.22,452.97,458.67,438.2,7566
2025-11-06,SCB,462.05,460.86,464.84,452.44,2759
2025-11-07,SCB,454.8,446.33,459.54,436.79,3278
2025-11-08,SCB,450.91,455.19,465.02,447.16,7411
2025-11-09,SCB,449.59,446.05,456.92,443.81,1458
2025-11-10,SCB,446.56,443.2,453.93,433.42,1691
2025-11-11,SCB,440.44,449.59,450.77,437.88,4328
2025-11-12,SCB,445.1,436.75,451.11,431.18,6681
2025-11-13,SCB,446.04,455.6,462.3,439.5,7495
2025-11-14,SCB,457.9,454.53,466.27,449.98,3567
2025-11-15,SCB,454.94,462.72,469.25,453.77,4143
2025-11-16,SCB,456.86,458.99,461.05,450.6,4094
2025-11-17,SCB,459.3,465.86,470.01,453.47,5202
2025-11-18,SCB,463.22,469.48,473.41,463.01,3727
2025-11-19,SCB,476.09,483.51,489.28,468.08,6542
2025-11-20,SCB,490.3,492.64,501.93,490.14,2935
2025-11-21,SCB,500.2,505.38,512.02,499.04,3486
2025-11-22,SCB,497.45,496.11,506.85,492.11,4610
2025-11-23,SCB,505.39,500.01,505.57,495.93,5355
2025-11-24,SCB,508.77,514.1,519.87,505.18,2871
2025-11-25,SCB,505.75,496.21,513.45,488.23,3847
2025-11-26,SCB,491.05,490.77,493.06,483.36,8158
2025-11-27,SCB,499.85,490.51,507.76,481.26,9888
2025-11-28,SCB,485.11,480.18,491.52,475.8,9250
2025-11-29,SCB,476.79,484.31,490.72,471.3,9822
2025-11-30,SCB,474.64,481.86,488.75,474.1,7273
2025-12-01,SCB,475.98,475.49,478.23,470.54,1786
2025-12-02,SCB,477.56,485.67,486.61,467.75,9704
2025-12-03,SCB,491.62,499.0,501.75,484.26,1760
2025-12-04,SCB,490.23,493.21,498.87,480.36,9966
2025-12-05,SCB,487.76,482.49,489.14,481.43,5172
2025-12-06,SCB,481.2,482.69,486.58,474.95,1290
2025-12-07,SCB,482.4,476.52,490.21,473.35,4222
2025-12-08,SCB,474.29,478.65,486.3,465.34,9927
2025-12-09,SCB,477.82,485.97,493.94,474.63,5471
2025-12-10,SCB,488.49,490.74,496.37,484.65,6712
2025-12-11,SCB,495.76,501.48,503.18,488.54,1530
2025-12-12,SCB,506.86,512.26,516.18,497.11,9584
2025-12-13,SCB,509.02,512.54,516.5,508.47,4476
2025-12-14,SCB,504.99,504.45,507.55,499.36,7211
2025-12-15,SCB,511.37,510.85,519.64,506.2,2290
2025-12-16,SCB,511.41,505.67,514.57,498.86,1678
2025-12-17,SCB,511.97,515.06,521.06,509.47,5613
2025-12-18,SCB,518.53,511.24,526.97,507.16,9574
2025-12-19,SCB,507.08,500.5,510.43,493.66,4869
2025-12-20,SCB,498.37,488.46,504.71,479.28,1845
2025-12-21,SCB,488.17,482.04,496.5,474.22,5569
2025-12-22,SCB,488.25,495.7,497.55,485.65,9872
2025-12-23,SCB,501.33,491.35,504.92,485.81,1863
2025-12-24,SCB,492.65,484.03,499.45,479.07,8650
2025-12-25,SCB,484.78,475.05,489.35,475.04,6020
2025-12-26,SCB,481.46,480.41,482.87,473.06,5473
2025-12-27,SCB,483.44,492.22,494.69,481.16,5936
2025-12-28,SCB,489.81,489.71,497.34,486.57,2587
2025-12-29,SCB,491.03,495.07,504.16,481.34,5974
2025-12-30,SCB,488.78,489.3,494.27,482.68,9243
2025-12-31,SCB,484.55,476.01,487.2,466.72,5441
2026-01-01,SCB,484.18,486.23,491.31,479.13,1295
2026-01-02,SCB,492.49,500.89,501.6,483.84,2676
2026-01-03,SCB,507.72,507.6,510.33,498.0,2480
2026-01-04,SCB,498.81,503.12,505.29,488.81,6949
2026-01-05,SCB,503.76,498.01,508.02,488.18,6270
2026-01-06,SCB,497.51,495.49,504.48,490.91,7006
2026-01-07,SCB,489.33,490.72,494.21,483.49,4317
2026-01-08,SCB,481.53,484.72,487.11,472.61,3398
2026-01-09,SCB,489.41,498.92,505.97,483.6,7320
2026-01-10,SCB,500.71,493.01,504.65,484.39,2889
2026-01-11,SCB,486.01,481.74,489.96,478.64,6290
2026-01-12,SCB,473.11,465.58,474.17,462.93,1038
2026-01-13,SCB,467.82,477.14,484.84,459.42,5482
2026-01-14,SCB,479.92,483.9,487.21,479.75,3027
2026-01-15,SCB,488.72,493.95,494.82,482.65,6831
2026-01-16,SCB,495.95,503.19,512.7,487.08,9569
2026-01-17,SCB,501.29,500.79,508.13,491.38,9274
2026-01-18,SCB,506.1,499.01,512.53,498.36,3500
2026-01-19,SCB,496.68,499.89,503.92,487.4,4604
2026-01-20,SCB,499.28,497.43,508.16,492.34,5503
2026-01-21,SCB,493.3,497.18,505.51,489.27,4795
2026-01-22,SCB,490.22,490.03,491.38,486.42,3996
2026-01-23,SCB,482.79,479.1,487.44,476.28,5760
2026-01-24,SCB,483.46,476.06,490.11,475.01,4865
2026-01-25,SCB,466.88,473.5,480.51,465.45,5211
2026-01-26,SCB,470.8,467.92,480.1,464.54,8251
2026-01-27,SCB,471.19,464.91,480.63,457.45,5505
2026-01-28,SCB,463.59,471.98,472.96,458.07,6715
2026-01-29,SCB,476.09,471.07,477.17,467.84,4184
2026-01-30,SCB,472.73,463.8,482.36,458.45,8276
2026-01-31,SCB,468.39,468.45,478.02,465.6,7460
2026-02-01,SCB,478.24,472.02,482.19,465.45,6608
2026-02-02,SCB,468.76,475.45,479.14,464.71,4535
2026-02-03,SCB,483.8,487.88,497.48,476.83,4814
2026-02-04,SCB,495.73,495.05,498.71,494.27,9198
2026-02-05,SCB,497.61,498.82,507.21,494.02,5791
2026-02-06,SCB,493.61,502.0,511.64,487.26,4770
2026-02-07,SCB,502.96,496.45,508.65,489.53,1577
2026-02-08,SCB,489.93,489.37,498.89,483.8,6190
2026-02-09,SCB,492.23,502.07,508.26,483.51,5025
2026-02-10,SCB,507.02,512.22,512.55,500.22,5322
2026-02-11,SCB,521.02,511.5,530.85,505.53,6372
2026-02-12,SCB,518.96,511.86,528.63,503.63,2774
2026-02-13,SCB,516.29,517.54,526.24,509.26,8666
2026-02-14,SCB,511.13,502.39,514.32,498.27,1502
2026-02-15,SCB,498.49,499.18,501.93,489.23,3066
2026-02-16,SCB,501.79,497.85,502.12,491.03,4476
2026-02-17,SCB,499.65,492.87,500.61,492.62,1844
2026-02-18,SCB,490.16,480.56,494.99,479.14,2386
2026-02-19,SCB,472.74,478.44,483.09,466.02,2579
2026-02-20,SCB,482.07,472.95,485.72,465.56,6060
2026-02-21,SCB,467.01,464.96,468.71,464.93,2598
2026-02-22,SCB,460.54,464.7,467.22,454.68,1540
2026-02-23,SCB,473.6,475.85,482.14,470.81,5769
2026-02-24,SCB,466.8,471.33,480.41,461.7,7925
2026-02-25,SCB,467.01,467.26,469.11,461.21,1602
2026-02-26,SCB,458.32,452.11,459.95,450.46,9983
2026-02-27,SCB,456.89,459.15,468.8,450.72,6944
2026-02-28,SCB,454.47,450.89,458.86,449.99,6400
2026-03-01,SCB,459.79,467.55,474.52,458.73,7276
2026-03-02,SCB,474.95,481.83,484.55,470.15,2125
2026-03-03,SCB,481.18,475.67,491.0,471.64,8311
2026-03-04,SCB,469.39,474.65,479.02,465.91,8803
2026-03-05,SCB,470.85,463.86,473.64,455.8,7150
2026-03-06,SCB,464.88,455.02,468.84,447.57,1177
2026-03-07,SCB,455.0,455.39,458.61,452.72,6368
2026-03-08,SCB,446.05,447.0,450.7,440.3,2602
2026-03-09,SCB,447.86,457.21,458.78,443.31,6144
2026-03-10,SCB,462.94,469.41,479.27,462.71,4509
2026-03-11,SCB,465.24,471.22,476.42,463.76,2699
2026-03-12,SCB,475.26,466.47,484.99,463.98,5730
2026-03-13,SCB,468.21,462.63,476.4,457.91,9375
2026-03-14,SCB,460.44,468.97,474.98,459.69,5280
2026-03-15,SCB,464.82,462.42,469.36,459.58,3038
2026-03-16,SCB,456.67,466.56,470.77,455.5,4085
2026-03-17,SCB,470.33,476.14,479.39,460.93,3752
2026-03-18,SCB,471.35,468.63,471.69,462.65,5712
2026-03-19,SCB,476.84,480.71,483.72,470.98,7097
2026-03-20,SCB,483.25,475.43,484.31,472.71,7625
2026-03-21,SCB,484.4,484.89,493.67,480.3,7994
2026-03-22,SCB,483.94,488.77,493.25,478.89,2980
2026-03-23,SCB,484.98,490.72,493.9,475.44,7876
2026-03-24,SCB,481.02,485.13,486.67,478.7,5555
2026-03-25,SCB,485.81,486.4,487.41,485.55,3225
2026-03-26,SCB,494.79,498.45,506.3,490.11,8540
2026-03-27,SCB,493.73,500.57,501.7,486.85,1089
2026-03-28,SCB,494.72,492.16,503.41,483.37,9999
2026-03-29,SCB,485.06,478.39,493.82,471.86,2946
2025-10-01,EBL,502.19,508.24,516.11,501.81,3310
2025-10-02,EBL,513.58,508.74,515.83,503.02,9994
2025-10-03,EBL,499.05,503.05,505.8,495.06,1328
2025-10-04,EBL,512.63,517.66,521.5,505.68,5835
2025-10-05,EBL,512.49,521.82,528.4,504.67,1070
2025-10-06,EBL,521.54,522.15,529.25,519.6,7630
2025-10-07,EBL,513.74,509.63,514.22,500.26,1045
2025-10-08,EBL,519.16,514.31,525.67,504.55,1836
2025-10-09,EBL,522.24,528.54,537.34,518.95,6427
2025-10-10,EBL,531.9,540.93,549.91,529.86,5495
2025-10-11,EBL,536.86,532.44,538.34,527.78,5532
2025-10-12,EBL,532.06,541.86,549.13,525.91,8387
2025-10-13,EBL,541.23,550.2,555.39,538.45,3810
2025-10-14,EBL,546.83,541.73,554.29,533.43,4452
2025-10-15,EBL,537.95,537.65,542.85,529.49,9528
2025-10-16,EBL,533.79,527.06,543.33,523.62,2209
2025-10-17,EBL,530.29,521.63,532.2,512.4,9251
2025-10-18,EBL,520.98,517.06,522.5,512.39,2030
2025-10-19,EBL,526.51,529.58,530.91,516.55,8590
2025-10-20,EBL,534.19,543.49,553.18,533.82,3304
2025-10-21,EBL,539.7,546.26,555.66,531.52,7191
2025-10-22,EBL,541.1,535.39,547.52,532.99,2863
2025-10-23,EBL,542.93,543.97,549.74,536.22,7750
2025-10-24,EBL,549.22,548.5,557.79,539.22,3447
2025-10-25,EBL,538.89,528.98,544.58,521.01,4430
2025-10-26,EBL,521.16,519.94,524.16,512.06,3173
2025-10-27,EBL,516.72,508.64,522.51,507.05,6634
2025-10-28,EBL,510.74,509.78,511.1,509.31,2160
2025-10-29,EBL,509.69,500.08,511.87,499.18,8672
2025-10-30,EBL,508.23,515.15,520.09,505.16,5696
2025-10-31,EBL,518.37,518.02,520.29,511.77,4480
2025-11-01,EBL,520.82,529.27,529.57,516.06,8338
2025-11-02,EBL,521.09,526.33,533.34,511.18,1373
2025-11-03,EBL,524.24,516.95,528.96,513.84,2689
2025-11-04,EBL,524.91,522.6,526.1,517.59,6046
2025-11-05,EBL,527.56,525.36,528.04,522.78,8272
2025-11-06,EBL,526.82,524.46,530.32,520.27,4688
2025-11-07,EBL,533.93,526.58,536.16,525.06,9399
2025-11-08,EBL,530.62,535.24,540.99,523.87,1281
2025-11-09,EBL,528.71,536.38,543.42,524.91,1811
2025-11-10,EBL,529.06,532.49,541.51,525.33,5554
2025-11-11,EBL,523.78,521.38,525.88,513.02,9963
2025-11-12,EBL,525.9,530.66,534.23,521.91,8351
2025-11-13,EBL,535.17,536.91,546.22,527.65,7963
2025-11-14,EBL,546.42,551.69,555.94,545.74,7920
2025-11-15,EBL,543.77,545.96,552.49,540.43,4079
2025-11-16,EBL,552.07,557.41,567.39,551.36,8274
2025-11-17,EBL,557.8,558.85,560.21,556.8,2322
2025-11-18,EBL,553.33,546.28,562.68,538.77,1435
2025-11-19,EBL,538.49,535.25,544.33,530.12,2167
2025-11-20,EBL,543.92,534.73,547.42,532.63,9894
2025-11-21,EBL,543.45,533.79,546.16,525.47,7693
2025-11-22,EBL,542.53,552.46,553.81,536.37,4681
2025-11-23,EBL,561.01,557.17,561.01,550.35,5909
2025-11-24,EBL,548.94,545.53,550.97,545.23,2615
2025-11-25,EBL,551.71,541.92,560.9,540.99,1461
2025-11-26,EBL,532.71,532.61,536.5,528.84,3772
2025-11-27,EBL,538.89,532.23,538.92,527.94,6490
2025-11-28,EBL,535.52,542.02,545.99,534.59,5469
2025-11-29,EBL,549.22,558.06,566.68,540.36,6839
2025-11-30,EBL,562.39,571.22,579.13,560.99,2403
2025-12-01,EBL,576.32,575.65,577.19,575.62,3053
2025-12-02,EBL,578.08,582.2,590.36,569.45,2012
2025-12-03,EBL,579.93,574.29,582.81,570.35,2138
2025-12-04,EBL,572.23,579.1,580.29,571.29,6825
2025-12-05,EBL,576.21,584.4,588.59,574.14,4140
2025-12-06,EBL,590.56,598.11,605.33,581.91,7669
2025-12-07,EBL,607.69,607.55,608.08,601.05,9521
2025-12-08,EBL,612.37,616.09,619.22,607.14,2482
2025-12-09,EBL,608.0,601.13,615.54,595.91,9101
2025-12-10,EBL,604.42,612.92,617.3,601.91,7024
2025-12-11,EBL,613.82,611.2,623.61,609.21,7665
2025-12-12,EBL,606.98,606.57,613.26,603.27,3073
2025-12-13,EBL,604.76,612.2,614.62,601.91,8567
2025-12-14,EBL,607.29,615.16,615.73,605.2,4853
2025-12-15,EBL,606.95,608.7,616.71,606.02,1022
2025-12-16,EBL,610.73,603.2,610.76,595.32,6921
2025-12-17,EBL,604.9,612.69,613.86,597.76,8140
2025-12-18,EBL,609.02,615.92,624.83,608.6,5159
2025-12-19,EBL,606.65,613.46,620.55,603.41,6732
2025-12-20,EBL,614.68,616.14,617.29,614.29,5235
2025-12-21,EBL,611.24,601.95,617.69,596.49,3838
2025-12-22,EBL,596.48,594.45,602.81,594.05,7066
2025-12-23,EBL,589.59,581.8,599.21,573.93,7576
2025-12-24,EBL,588.46,586.15,591.57,584.46,9973
2025-12-25,EBL,593.62,584.84,601.85,581.16,8895
2025-12-26,EBL,581.32,578.32,589.1,569.93,7213
2025-12-27,EBL,568.7,565.18,573.91,559.23,9728
2025-12-28,EBL,575.02,579.75,585.74,569.76,5378
2025-12-29,EBL,583.16,586.83,596.34,581.64,1564
2025-12-30,EBL,585.96,590.73,600.35,581.44,8813
2025-12-31,EBL,591.51,599.16,604.72,584.58,8012
2026-01-01,EBL,606.9,611.3,617.77,597.81,2194
2026-01-02,EBL,612.27,616.83,619.48,608.66,7240
2026-01-03,EBL,612.16,620.98,628.94,604.52,2860
2026-01-04,EBL,615.71,613.53,620.14,610.85,5496
2026-01-05,EBL,607.93,606.44,616.19,606.3,3046
2026-01-06,EBL,615.15,613.33,622.24,608.82,2115
2026-01-07,EBL,605.24,610.25,610.94,598.21,7792
2026-01-08,EBL,610.3,619.58,622.42,607.19,4935
2026-01-09,EBL,610.28,609.48,620.17,607.36,7990
2026-01-10,EBL,614.31,617.75,626.93,607.14,2945
2026-01-11,EBL,616.86,620.39,625.72,616.38,5563
2026-01-12,EBL,613.71,611.71,616.26,602.4,1436
2026-01-13,EBL,609.75,614.48,618.27,608.41,8744
2026-01-14,EBL,611.88,620.06,624.11,603.98,7574
2026-01-15,EBL,620.23,612.83,625.43,609.99,2031
2026-01-16,EBL,608.12,614.3,623.82,601.32,7010
2026-01-17,EBL,607.17,609.61,609.74,600.41,1600
2026-01-18,EBL,611.11,607.07,617.01,602.71,6908
2026-01-19,EBL,605.02,612.84,618.94,600.71,1359
2026-01-20,EBL,621.9,618.89,626.93,615.81,3186
2026-01-21,EBL,613.73,603.76,617.78,601.31,5845
2026-01-22,EBL,596.69,589.41,598.13,588.62,6920
2026-01-23,EBL,594.56,602.41,608.8,586.92,8459
2026-01-24,EBL,599.59,599.09,603.87,597.41,1508
2026-01-25,EBL,593.81,591.06,599.04,585.16,3824
2026-01-26,EBL,599.8,605.63,607.83,590.31,6204
2026-01-27,EBL,598.74,600.54,605.45,589.26,2404
2026-01-28,EBL,602.74,609.59,617.43,601.63,6598
2026-01-29,EBL,602.58,610.53,618.76,599.46,6240
2026-01-30,EBL,617.16,613.97,622.15,610.19,4721
2026-01-31,EBL,609.4,607.34,615.53,598.32,5235
2026-02-01,EBL,614.82,621.43,622.72,613.88,9291
2026-02-02,EBL,614.96,613.61,616.88,608.89,5260
2026-02-03,EBL,620.94,614.25,624.59,613.38,6326
2026-02-04,EBL,604.49,605.6,612.02,600.09,1555
2026-02-05,EBL,598.32,600.68,602.46,597.79,2261
2026-02-06,EBL,594.94,600.28,604.45,593.15,8655
2026-02-07,EBL,606.01,610.38,617.22,599.92,5058
2026-02-08,EBL,607.97,611.0,611.02,600.53,5118
2026-02-09,EBL,609.33,599.39,615.8,598.62,1780
2026-02-10,EBL,589.55,581.24,591.52,576.75,1051
2026-02-11,EBL,578.54,570.34,587.57,570.09,6590
2026-02-12,EBL,578.19,572.06,578.75,567.38,1319
2026-02-13,EBL,567.85,575.12,579.68,566.3,8225
2026-02-14,EBL,575.07,575.44,582.3,574.0,3382
2026-02-15,EBL,575.52,575.76,582.33,571.19,6401
2026-02-16,EBL,565.78,560.74,566.28,556.78,1888
2026-02-17,EBL,566.62,574.38,581.96,563.22,4545
2026-02-18,EBL,570.91,562.92,574.97,558.94,8005
2026-02-19,EBL,559.72,562.2,567.2,554.24,6452
2026-02-20,EBL,559.49,552.13,565.73,550.79,9171
2026-02-21,EBL,545.25,549.35,559.0,539.61,4752
2026-02-22,EBL,550.86,546.23,555.54,538.82,7271
2026-02-23,EBL,545.74,535.95,548.01,532.3,1865
2026-02-24,EBL,541.69,547.24,555.64,531.88,4015
2026-02-25,EBL,548.72,545.3,557.55,538.75,8578
2026-02-26,EBL,537.0,537.52,545.59,530.7,9969
2026-02-27,EBL,546.74,551.99,557.13,539.61,8420
2026-02-28,EBL,551.98,542.1,555.56,539.02,4052
2026-03-01,EBL,546.6,552.1,553.55,543.85,7178
2026-03-02,EBL,559.19,550.99,561.44,547.76,4573
2026-03-03,EBL,543.66,546.25,547.19,541.59,6649
2026-03-04,EBL,537.53,539.09,544.14,536.93,2292
2026-03-05,EBL,535.86,537.95,538.4,532.65,1660
2026-03-06,EBL,530.02,530.55,536.74,525.11,6778
2026-03-07,EBL,528.88,522.78,538.69,519.4,2077
2026-03-08,EBL,515.94,523.29,529.21,512.45,7431
2026-03-09,EBL,523.91,513.92,531.18,506.73,8153
2026-03-10,EBL,504.01,504.15,506.87,498.73,7253
2026-03-11,EBL,499.86,503.48,513.47,495.07,9631
2026-03-12,EBL,499.02,505.51,511.82,497.41,1073
2026-03-13,EBL,498.67,496.34,507.42,487.23,1703
2026-03-14,EBL,504.2,510.97,512.82,503.42,1716
2026-03-15,EBL,501.23,503.69,508.35,496.12,5321
2026-03-16,EBL,496.26,489.22,499.24,486.24,7355
2026-03-17,EBL,491.31,495.73,501.72,488.28,9624
2026-03-18,EBL,487.73,484.58,494.78,480.77,1821
2026-03-19,EBL,491.73,486.73,497.35,482.21,1226
2026-03-20,EBL,496.0,501.74,508.91,490.67,1777
2026-03-21,EBL,503.95,506.01,506.6,496.41,5662
2026-03-22,EBL,513.37,523.28,527.92,511.65,1081
2026-03-23,EBL,527.98,525.47,528.86,515.55,8097
2026-03-24,EBL,523.01,517.46,527.29,511.36,8602
2026-03-25,EBL,511.95,503.62,514.76,495.75,8403
2026-03-26,EBL,508.33,505.56,509.67,502.27,3434
2026-03-27,EBL,507.65,503.58,510.4,495.43,6934
2026-03-28,EBL,502.88,510.58,516.23,500.44,3393
2026-03-29,EBL,513.86,519.93,521.67,505.14,2801
2025-10-01,SBI,586.86,580.21,594.11,577.73,9829
2025-10-02,SBI,583.07,585.93,592.64,574.42,5522
2025-10-03,SBI,585.24,575.43,588.4,568.25,8590
2025-10-04,SBI,569.57,572.97,581.82,569.52,2872
2025-10-05,SBI,578.69,579.83,585.26,571.86,8663
2025-10-06,SBI,581.84,576.34,585.52,573.9,6527
2025-10-07,SBI,567.77,570.16,572.45,558.32,2229
2025-10-08,SBI,571.39,570.92,571.47,562.5,8939
2025-10-09,SBI,569.96,568.67,577.41,560.51,1785
2025-10-10,SBI,571.56,564.24,577.42,559.65,9685
2025-10-11,SBI,564.49,557.82,564.54,555.81,9926
2025-10-12,SBI,556.81,555.65,560.91,546.81,4403
2025-10-13,SBI,548.74,548.01,557.54,542.19,2000
2025-10-14,SBI,545.98,536.79,554.07,532.67,5854
2025-10-15,SBI,544.66,539.13,553.34,530.38,4788
2025-10-16,SBI,540.67,548.18,550.34,533.18,5731
2025-10-17,SBI,554.93,561.37,570.33,545.45,2337
2025-10-18,SBI,567.64,558.73,569.54,554.47,1248
2025-10-19,SBI,565.54,566.71,568.32,556.92,4331
2025-10-20,SBI,564.03,564.11,568.08,559.53,8988
2025-10-21,SBI,566.64,575.74,579.52,559.86,2313
2025-10-22,SBI,568.29,563.17,571.83,559.8,2511
2025-10-23,SBI,567.74,571.99,579.15,567.72,7262
2025-10-24,SBI,567.85,570.45,578.25,565.34,8738
2025-10-25,SBI,570.68,564.02,571.72,557.73,2307
2025-10-26,SBI,559.6,569.6,576.78,559.29,3725
2025-10-27,SBI,574.48,569.43,582.03,562.17,9766
2025-10-28,SBI,573.38,564.72,578.04,560.46,3708
2025-10-29,SBI,568.59,576.15,576.7,559.04,6638
2025-10-30,SBI,573.96,571.88,579.62,563.54,4472
2025-10-31,SBI,580.29,574.22,586.15,567.59,3481
2025-11-01,SBI,564.55,562.8,569.93,559.45,9506
2025-11-02,SBI,569.24,567.68,572.01,559.99,7874
2025-11-03,SBI,559.37,568.42,573.42,555.12,2208
2025-11-04,SBI,572.8,564.32,578.03,557.85,7421
2025-11-05,SBI,557.23,552.35,561.34,548.49,3995
2025-11-06,SBI,556.68,565.39,575.06,556.28,7322
2025-11-07,SBI,574.67,572.08,576.82,564.5,8347
2025-11-08,SBI,573.87,573.07,582.13,569.25,2569
2025-11-09,SBI,563.87,560.1,566.01,551.52,3057
2025-11-10,SBI,565.14,556.2,571.87,551.63,2270
2025-11-11,SBI,556.6,564.96,573.46,548.32,7848
2025-11-12,SBI,567.64,569.74,572.28,558.13,8566
2025-11-13,SBI,571.78,566.06,572.41,562.82,3234
2025-11-14,SBI,567.39,575.32,583.14,561.39,1784
2025-11-15,SBI,568.06,565.25,575.91,557.9,9610
2025-11-16,SBI,560.85,555.47,564.85,554.93,8114
2025-11-17,SBI,546.27,548.69,556.63,543.55,4604
2025-11-18,SBI,549.82,549.85,552.1,540.64,3830
2025-11-19,SBI,542.78,537.17,544.66,527.82,3372
2025-11-20,SBI,531.76,525.13,539.14,522.02,2452
2025-11-21,SBI,530.64,525.79,537.64,516.33,7942
2025-11-22,SBI,520.05,526.02,531.43,515.28,2059
2025-11-23,SBI,529.9,524.0,539.12,516.91,5548
2025-11-24,SBI,531.29,539.81,543.67,526.55,2766
2025-11-25,SBI,547.32,552.3,555.03,545.8,1460
2025-11-26,SBI,545.01,547.45,554.9,541.82,5131
2025-11-27,SBI,543.19,548.75,555.74,538.12,9947
2025-11-28,SBI,553.41,562.47,562.93,547.7,9600
2025-11-29,SBI,553.61,557.79,561.01,553.36,4088
2025-11-30,SBI,550.58,540.98,551.95,535.54,4509
2025-12-01,SBI,542.12,536.47,547.07,534.88,5348
2025-12-02,SBI,538.45,538.89,548.88,530.64,9134
2025-12-03,SBI,539.88,535.13,541.4,529.15,3727
2025-12-04,SBI,543.31,536.95,546.62,533.69,2552
2025-12-05,SBI,542.01,549.53,550.92,541.39,6620
2025-12-06,SBI,552.72,553.42,557.91,552.18,6515
2025-12-07,SBI,547.95,548.85,553.02,539.74,2549
2025-12-08,SBI,551.4,546.63,552.13,542.97,6207
2025-12-09,SBI,540.43,533.88,544.93,526.33,2307
2025-12-10,SBI,536.85,527.12,546.84,524.31,2949
2025-12-11,SBI,518.87,523.75,524.07,511.81,2990
2025-12-12,SBI,518.81,525.86,531.96,514.86,2725
2025-12-13,SBI,524.93,521.92,530.3,521.75,6508
2025-12-14,SBI,525.31,535.27,544.39,523.77,9260
2025-12-15,SBI,530.24,526.65,530.72,523.38,4391
2025-12-16,SBI,535.67,545.18,551.21,529.71,4988
2025-12-17,SBI,550.33,552.77,562.51,548.19,8956
2025-12-18,SBI,562.04,570.48,575.63,558.83,1812
2025-12-19,SBI,573.8,565.32,583.51,565.16,8632
2025-12-20,SBI,566.21,574.8,580.73,560.49,4979
2025-12-21,SBI,577.67,583.01,583.8,574.12,9025
2025-12-22,SBI,588.67,581.81,592.81,578.0,8694
2025-12-23,SBI,585.26,590.02,599.86,584.04,3235
2025-12-24,SBI,585.32,589.65,593.1,578.27,6486
2025-12-25,SBI,590.76,593.12,602.74,585.58,8943
2025-12-26,SBI,599.6,606.1,612.13,599.32,3725
2025-12-27,SBI,615.59,625.2,634.16,611.2,6713
2025-12-28,SBI,633.22,636.74,644.42,631.31,4466
2025-12-29,SBI,630.17,639.93,644.1,626.18,5752
2025-12-30,SBI,646.47,652.72,659.37,645.37,7711
2025-12-31,SBI,651.41,655.26,655.8,646.31,5553
2026-01-01,SBI,660.87,654.86,668.17,651.74,9889
2026-01-02,SBI,650.24,655.81,658.48,646.11,3618
2026-01-03,SBI,662.13,671.02,676.34,658.18,5501
2026-01-04,SBI,664.78,673.86,674.76,663.7,8677
2026-01-05,SBI,678.64,680.71,688.27,677.5,4126
2026-01-06,SBI,690.49,686.95,696.99,679.07,4392
2026-01-07,SBI,689.75,698.87,702.94,686.99,8928
2026-01-08,SBI,695.75,701.13,708.49,687.14,3355
2026-01-09,SBI,698.43,699.23,705.69,697.38,5432
2026-01-10,SBI,697.17,690.58,701.55,686.79,6718
2026-01-11,SBI,687.23,688.22,690.94,680.4,3649
2026-01-12,SBI,688.39,688.99,693.78,687.45,8132
2026-01-13,SBI,679.31,685.18,692.12,673.03,3900
2026-01-14,SBI,676.88,685.32,685.45,671.57,4682
2026-01-15,SBI,678.67,679.95,684.18,673.1,8885
2026-01-16,SBI,671.92,675.09,682.8,662.73,5171
2026-01-17,SBI,678.91,671.8,681.51,663.83,1208
2026-01-18,SBI,679.82,671.21,686.9,670.43,9552
2026-01-19,SBI,662.2,664.06,673.08,659.9,7259
2026-01-20,SBI,664.31,668.72,675.46,660.58,4210
2026-01-21,SBI,661.89,653.5,670.04,644.81,6538
2026-01-22,SBI,650.28,659.14,660.04,648.27,4068
2026-01-23,SBI,659.47,657.26,663.63,654.1,9421
2026-01-24,SBI,649.26,650.38,657.73,645.32,5089
2026-01-25,SBI,655.56,663.22,669.89,651.62,8083
2026-01-26,SBI,669.22,663.18,678.9,662.35,1837
2026-01-27,SBI,659.9,667.94,670.42,658.85,6575
2026-01-28,SBI,670.09,663.52,675.31,654.48,8493
2026-01-29,SBI,670.62,663.12,678.42,659.82,4547
2026-01-30,SBI,658.3,652.72,660.66,646.28,7039
2026-01-31,SBI,651.95,642.86,659.12,641.44,6068
2026-02-01,SBI,642.13,646.46,656.28,633.59,3327
2026-02-02,SBI,640.25,632.86,644.93,631.09,8960
2026-02-03,SBI,631.76,637.43,644.51,624.06,4728
2026-02-04,SBI,628.71,629.69,638.42,627.7,6886
2026-02-05,SBI,631.36,630.08,631.99,621.16,5722
2026-02-06,SBI,629.95,621.02,635.42,615.58,4820
2026-02-07,SBI,621.81,616.5,621.99,612.89,6039
2026-02-08,SBI,614.49,610.06,616.72,603.11,9525
2026-02-09,SBI,619.32,623.95,626.85,614.85,5332
2026-02-10,SBI,622.71,628.89,629.69,621.44,4950
2026-02-11,SBI,630.05,623.71,638.34,623.18,4139
2026-02-12,SBI,616.26,620.09,626.6,606.88,5728
2026-02-13,SBI,612.15,617.0,625.31,603.46,7018
2026-02-14,SBI,623.69,614.36,630.25,612.76,4558
2026-02-15,SBI,611.56,608.55,617.9,608.54,2974
2026-02-16,SBI,610.31,616.2,619.77,601.44,5255
2026-02-17,SBI,624.11,629.54,636.38,621.29,8010
2026-02-18,SBI,627.49,631.17,638.78,620.59,9095
2026-02-19,SBI,640.96,635.12,648.5,634.13,7726
2026-02-20,SBI,636.58,630.64,645.06,625.1,8817
2026-02-21,SBI,626.03,632.58,634.76,620.41,3869
2026-02-22,SBI,625.3,623.04,625.56,618.75,1242
2026-02-23,SBI,613.61,605.56,622.9,596.93,6149
2026-02-24,SBI,604.5,600.21,606.75,594.44,7737
2026-02-25,SBI,595.18,589.15,598.72,581.98,9517
2026-02-26,SBI,584.94,588.1,589.52,584.87,9404
2026-02-27,SBI,597.9,590.68,604.37,586.65,1964
2026-02-28,SBI,582.22,572.73,588.26,564.8,2061
2026-03-01,SBI,577.34,583.63,589.07,572.68,3639
2026-03-02,SBI,574.41,582.68,589.77,573.22,3582
2026-03-03,SBI,583.23,589.41,596.32,577.91,3976
2026-03-04,SBI,583.54,576.38,583.89,568.53,5690
2026-03-05,SBI,580.84,586.11,587.8,580.42,8587
2026-03-06,SBI,588.67,589.76,599.34,583.17,8756
2026-03-07,SBI,587.55,592.69,600.44,584.53,8328
2026-03-08,SBI,589.75,587.98,594.45,578.51,4860
2026-03-09,SBI,578.61,575.09,584.14,572.85,4608
2026-03-10,SBI,575.31,572.84,584.79,567.25,8938
2026-03-11,SBI,565.11,559.61,570.74,558.83,3332
2026-03-12,SBI,550.6,540.9,558.89,538.34,2518
2026-03-13,SBI,533.35,524.15,539.66,516.82,9641
2026-03-14,SBI,516.44,510.51,524.77,505.97,2611
2026-03-15,SBI,510.73,511.23,519.02,510.26,9873
2026-03-16,SBI,515.26,513.91,524.76,512.66,2001
2026-03-17,SBI,522.73,523.91,525.49,513.31,2947
2026-03-18,SBI,531.07,534.93,541.75,525.21,3485
2026-03-19,SBI,535.45,532.96,542.32,531.09,9232
2026-03-20,SBI,535.25,542.37,546.13,526.55,8114
2026-03-21,SBI,532.72,523.77,534.39,518.06,1587
2026-03-22,SBI,527.32,518.95,534.84,514.4,5456
2026-03-23,SBI,509.72,501.4,514.69,497.72,7752
2026-03-24,SBI,508.7,502.71,515.28,493.66,9520
2026-03-25,SBI,500.75,497.65,503.09,490.31,8826
2026-03-26,SBI,503.89,493.9,510.78,486.06,2008
2026-03-27,SBI,491.66,494.1,503.88,484.67,9301
2026-03-28,SBI,490.69,491.16,496.2,487.85,1521
2026-03-29,SBI,485.5,476.35,488.72,473.42,1222
2025-10-01,UPPER,769.56,776.08,781.64,761.7,4008
2025-10-02,UPPER,777.6,773.75,784.45,767.81,9273
2025-10-03,UPPER,774.0,769.67,775.89,767.68,2927
2025-10-04,UPPER,766.74,769.53,772.68,757.28,1526
2025-10-05,UPPER,764.23,761.41,765.21,753.76,4585
2025-10-06,UPPER,752.69,743.61,758.28,735.24,7163
2025-10-07,UPPER,752.67,747.16,760.35,745.59,7334
2025-10-08,UPPER,745.09,738.59,750.73,730.17,4696
2025-10-09,UPPER,742.37,746.05,751.59,742.1,4475
2025-10-10,UPPER,738.0,735.16,738.9,731.82,5291
2025-10-11,UPPER,737.55,746.24,746.58,733.97,9210
2025-10-12,UPPER,741.23,733.54,748.59,727.42,4615
2025-10-13,UPPER,738.46,732.24,745.38,723.22,2210
2025-10-14,UPPER,734.1,742.37,746.99,725.92,7382
2025-10-15,UPPER,745.7,749.98,755.23,741.4,4358
2025-10-16,UPPER,757.44,761.13,767.39,755.13,5107
2025-10-17,UPPER,768.43,758.96,776.33,753.51,7305
2025-10-18,UPPER,754.91,758.52,764.64,752.0,4096
2025-10-19,UPPER,755.16,749.17,761.32,743.0,6056
2025-10-20,UPPER,747.39,743.49,755.03,743.32,9568
2025-10-21,UPPER,743.07,743.14,751.64,734.97,9144
2025-10-22,UPPER,744.0,734.62,752.28,725.63,9328
2025-10-23,UPPER,726.32,722.74,729.12,721.46,8881
2025-10-24,UPPER,730.16,724.24,738.18,721.31,7926
2025-10-25,UPPER,734.21,739.84,741.19,729.71,8361
2025-10-26,UPPER,731.04,731.64,732.77,725.18,9994
2025-10-27,UPPER,737.09,740.59,743.57,729.43,9398
2025-10-28,UPPER,749.93,755.39,763.97,744.9,3290
2025-10-29,UPPER,745.54,750.92,751.84,737.97,5996
2025-10-30,UPPER,744.42,752.26,755.98,735.83,5356
2025-10-31,UPPER,748.89,747.3,751.61,743.18,7591
2025-11-01,UPPER,754.57,751.43,764.27,746.46,6538
2025-11-02,UPPER,757.04,757.41,767.28,752.69,1500
2025-11-03,UPPER,760.87,756.63,767.15,749.45,8567
2025-11-04,UPPER,757.0,759.18,766.21,749.88,2855
2025-11-05,UPPER,761.32,762.05,767.99,753.54,6622
2025-11-06,UPPER,762.98,757.0,766.82,752.64,6067
2025-11-07,UPPER,758.73,762.12,764.75,750.55,5421
2025-11-08,UPPER,753.74,755.39,757.19,745.79,7113
2025-11-09,UPPER,749.92,742.27,753.66,740.14,8529
2025-11-10,UPPER,733.69,727.91,737.73,727.1,2571
2025-11-11,UPPER,730.65,735.54,740.21,721.8,3705
2025-11-12,UPPER,729.84,739.46,740.68,727.63,9516
2025-11-13,UPPER,744.18,749.19,759.02,741.38,9864
2025-11-14,UPPER,739.98,744.92,749.52,734.84,2179
2025-11-15,UPPER,738.98,742.69,743.32,734.49,7100
2025-11-16,UPPER,744.34,745.64,753.33,740.9,4878
2025-11-17,UPPER,747.09,740.98,748.8,739.86,4865
2025-11-18,UPPER,737.26,734.65,747.11,732.18,9901
2025-11-19,UPPER,725.29,731.43,732.86,718.58,5348
2025-11-20,UPPER,741.02,739.05,745.51,737.32,9474
2025-11-21,UPPER,748.26,743.1,754.21,734.99,9761
2025-11-22,UPPER,741.17,733.94,744.96,733.31,3153
2025-11-23,UPPER,736.63,734.78,745.42,732.35,7427
2025-11-24,UPPER,725.99,724.06,732.18,714.46,7037
2025-11-25,UPPER,727.7,733.74,743.7,718.67,7970
2025-11-26,UPPER,741.95,737.75,747.53,735.58,7523
2025-11-27,UPPER,746.24,755.33,764.82,738.53,1875
2025-11-28,UPPER,757.46,757.4,760.52,753.52,3887
2025-11-29,UPPER,753.53,744.34,756.85,740.62,6925
2025-11-30,UPPER,743.12,739.59,744.74,738.81,1392
2025-12-01,UPPER,745.16,745.89,748.16,738.01,8067
2025-12-02,UPPER,739.18,735.63,741.68,731.57,1182
2025-12-03,UPPER,739.12,743.54,750.04,733.57,7740
2025-12-04,UPPER,753.02,762.03,764.9,750.84,2219
2025-12-05,UPPER,767.77,761.07,777.64,757.48,1582
2025-12-06,UPPER,767.77,771.41,776.58,763.82,6790
2025-12-07,UPPER,778.92,775.85,781.58,766.31,5087
2025-12-08,UPPER,781.44,789.32,796.81,775.41,8206
2025-12-09,UPPER,798.35,801.51,803.51,789.77,4166
2025-12-10,UPPER,796.08,796.38,805.13,791.87,1875
2025-12-11,UPPER,802.83,810.15,811.87,802.03,8760
2025-12-12,UPPER,813.92,816.1,817.6,813.68,3860
2025-12-13,UPPER,812.86,820.99,823.04,805.22,3578
2025-12-14,UPPER,822.77,831.74,834.12,817.76,7441
2025-12-15,UPPER,836.88,838.8,841.12,829.51,5431
2025-12-16,UPPER,835.83,838.24,847.15,830.9,4753
2025-12-17,UPPER,842.56,836.06,845.16,826.98,9669
2025-12-18,UPPER,844.92,850.44,856.62,843.22,3627
2025-12-19,UPPER,850.58,842.88,852.11,839.7,3075
2025-12-20,UPPER,837.59,830.24,844.36,828.99,6432
2025-12-21,UPPER,838.31,835.29,838.8,833.09,4865
2025-12-22,UPPER,834.61,831.37,838.82,823.97,4289
2025-12-23,UPPER,836.82,839.3,843.81,827.77,2695
2025-12-24,UPPER,835.33,829.06,837.95,819.31,2459
2025-12-25,UPPER,821.78,823.81,826.52,818.86,4606
2025-12-26,UPPER,828.82,825.92,832.32,822.16,4560
2025-12-27,UPPER,828.77,835.28,838.02,819.03,5825
2025-12-28,UPPER,839.06,844.07,847.54,836.82,8740
2025-12-29,UPPER,835.86,825.86,843.31,819.11,2317
2025-12-30,UPPER,826.08,819.27,829.96,809.31,2647
2025-12-31,UPPER,827.58,835.33,840.72,820.73,4345
2026-01-01,UPPER,842.58,847.18,848.44,833.13,1495
2026-01-02,UPPER,850.45,851.51,851.82,846.73,3927
2026-01-03,UPPER,842.5,844.69,851.65,838.61,6911
2026-01-04,UPPER,847.37,857.18,860.15,842.47,6908
2026-01-05,UPPER,856.39,847.42,864.0,843.2,1359
2026-01-06,UPPER,851.99,860.94,866.24,848.11,8166
2026-01-07,UPPER,861.66,856.11,864.97,849.38,1884
2026-01-08,UPPER,857.58,855.51,865.1,854.87,3373
2026-01-09,UPPER,855.59,854.05,864.87,849.34,3211
2026-01-10,UPPER,861.09,867.19,877.09,852.09,8284
2026-01-11,UPPER,865.48,867.03,868.16,865.18,9007
2026-01-12,UPPER,863.73,868.79,877.81,858.24,5118
2026-01-13,UPPER,874.62,870.52,882.62,870.43,9526
2026-01-14,UPPER,867.08,868.5,877.14,866.74,1662
2026-01-15,UPPER,868.52,859.45,874.96,856.84,9429
2026-01-16,UPPER,862.11,861.51,866.34,858.83,3794
2026-01-17,UPPER,861.8,865.5,872.6,853.77,1487
2026-01-18,UPPER,875.16,875.1,883.64,871.12,4885
2026-01-19,UPPER,876.48,884.65,892.86,869.86,1193
2026-01-20,UPPER,874.85,865.45,877.27,856.75,3412
2026-01-21,UPPER,861.55,868.71,877.28,855.02,3176
2026-01-22,UPPER,867.91,865.54,875.4,857.45,7836
2026-01-23,UPPER,875.23,884.14,888.4,871.58,3998
2026-01-24,UPPER,888.85,893.83,901.33,884.37,9421
2026-01-25,UPPER,886.7,877.06,889.7,872.89,8021
2026-01-26,UPPER,879.08,883.5,892.52,871.43,1380
2026-01-27,UPPER,881.83,877.66,886.51,867.81,8803
2026-01-28,UPPER,881.68,886.2,887.08,873.45,2963
2026-01-29,UPPER,877.85,886.45,887.72,868.06,9272
2026-01-30,UPPER,889.86,887.26,894.18,880.66,5533
2026-01-31,UPPER,880.33,877.28,888.86,871.99,3888
2026-02-01,UPPER,886.94,879.74,893.76,873.7,8188
2026-02-02,UPPER,885.05,880.4,892.17,872.69,8887
2026-02-03,UPPER,884.06,882.23,893.48,881.93,8421
2026-02-04,UPPER,883.88,889.02,890.04,880.18,8014
2026-02-05,UPPER,883.54,887.67,890.56,878.84,1822
2026-02-06,UPPER,879.85,884.56,885.85,872.2,4371
2026-02-07,UPPER,883.35,888.65,893.95,877.23,9843
2026-02-08,UPPER,890.77,893.94,902.01,890.61,1157
2026-02-09,UPPER,887.91,896.76,897.7,883.2,3509
2026-02-10,UPPER,891.78,889.67,891.79,885.49,7302
2026-02-11,UPPER,895.17,891.05,895.3,881.85,2351
2026-02-12,UPPER,894.91,899.86,905.12,892.19,7114
2026-02-13,UPPER,896.54,906.31,909.57,891.36,3475
2026-02-14,UPPER,905.1,905.01,910.21,896.08,2610
2026-02-15,UPPER,907.58,915.26,922.93,904.56,3372
2026-02-16,UPPER,918.12,912.26,928.01,912.09,2309
2026-02-17,UPPER,911.57,914.78,922.07,910.15,9625
2026-02-18,UPPER,913.35,905.69,921.18,899.07,6251
2026-02-19,UPPER,907.22,912.69,919.91,905.64,2676
2026-02-20,UPPER,908.18,901.05,910.41,893.07,5057
2026-02-21,UPPER,896.83,894.2,901.1,888.96,7319
2026-02-22,UPPER,902.17,909.02,917.62,899.29,9639
2026-02-23,UPPER,911.94,905.87,920.35,896.93,2887
2026-02-24,UPPER,897.26,892.66,902.35,887.99,2753
2026-02-25,UPPER,886.92,884.28,893.84,881.59,6271
2026-02-26,UPPER,876.82,871.28,879.79,865.05,4430
2026-02-27,UPPER,876.14,869.56,880.87,860.09,5370
2026-02-28,UPPER,875.0,878.59,881.09,872.28,6070
2026-03-01,UPPER,869.23,871.75,879.96,868.47,5328
2026-03-02,UPPER,881.47,884.34,884.53,880.17,1119
2026-03-03,UPPER,876.16,882.57,887.38,870.22,6825
2026-03-04,UPPER,875.26,877.59,881.26,869.81,7458
2026-03-05,UPPER,875.26,866.36,876.1,856.38,8092
2026-03-06,UPPER,858.12,856.24,867.7,847.82,5604
2026-03-07,UPPER,858.81,864.36,867.81,852.55,3526
2026-03-08,UPPER,866.16,874.13,879.18,861.95,7564
2026-03-09,UPPER,870.78,874.03,878.36,868.22,5448
2026-03-10,UPPER,865.32,866.22,869.08,858.81,5246
2026-03-11,UPPER,874.22,869.1,882.96,864.32,7730
2026-03-12,UPPER,861.79,860.72,862.9,859.91,8646
2026-03-13,UPPER,851.03,842.01,854.88,836.38,6360
2026-03-14,UPPER,840.71,833.24,847.15,830.07,6603
2026-03-15,UPPER,841.85,851.37,858.82,834.91,7707
2026-03-16,UPPER,854.83,852.56,856.81,849.94,8473
2026-03-17,UPPER,860.56,858.11,868.83,851.3,7621
2026-03-18,UPPER,849.43,843.1,855.62,833.81,6791
2026-03-19,UPPER,847.01,849.08,857.58,842.69,7835
2026-03-20,UPPER,855.16,850.29,860.47,849.39,2051
2026-03-21,UPPER,850.03,841.35,858.77,839.63,6435
2026-03-22,UPPER,848.75,838.97,857.9,836.77,5187
2026-03-23,UPPER,844.69,849.98,850.49,843.27,2510
2026-03-24,UPPER,846.86,846.7,846.92,842.91,3686
2026-03-25,UPPER,851.03,851.73,852.94,850.48,4085
2026-03-26,UPPER,843.3,846.49,849.08,837.84,7663
2026-03-27,UPPER,840.9,832.5,850.23,830.73,3337
2026-03-28,UPPER,822.75,819.8,831.57,817.04,6574
2026-03-29,UPPER,822.16,814.3,827.02,809.9,9471
2025-10-01,NHPC,350.74,341.73,359.19,341.13,9695
2025-10-02,NHPC,333.15,339.64,343.72,332.16,4375
2025-10-03,NHPC,347.27,341.7,353.92,339.62,8029
2025-10-04,NHPC,347.79,339.89,355.81,333.08,2576
2025-10-05,NHPC,334.43,329.86,337.7,327.59,4423
2025-10-06,NHPC,324.0,325.52,334.27,314.28,3174
2025-10-07,NHPC,335.01,335.13,338.04,328.17,4878
2025-10-08,NHPC,332.15,340.73,344.05,323.01,8740
2025-10-09,NHPC,331.62,337.64,340.01,323.26,4515
2025-10-10,NHPC,328.64,329.37,330.05,322.41,2634
2025-10-11,NHPC,333.78,342.46,343.88,327.8,4595
2025-10-12,NHPC,344.3,342.02,353.82,338.64,9168
2025-10-13,NHPC,343.59,337.85,348.67,335.42,6793
2025-10-14,NHPC,343.34,348.82,349.46,340.92,1975
2025-10-15,NHPC,356.02,353.29,358.44,344.78,2634
2025-10-16,NHPC,344.1,346.44,354.68,341.26,6175
2025-10-17,NHPC,343.28,336.9,345.4,327.46,1427
2025-10-18,NHPC,328.91,322.92,334.87,318.3,9984
2025-10-19,NHPC,315.63,310.06,320.93,307.1,2244
2025-10-20,NHPC,316.9,313.73,320.23,304.62,2576
2025-10-21,NHPC,319.22,325.36,325.37,317.88,1664
2025-10-22,NHPC,324.57,315.81,325.25,306.11,6163
2025-10-23,NHPC,323.22,315.56,332.03,307.68,7814
2025-10-24,NHPC,315.68,317.94,323.11,310.9,8256
2025-10-25,NHPC,315.89,313.06,322.48,308.39,9422
2025-10-26,NHPC,316.35,318.82,323.26,314.41,5694
2025-10-27,NHPC,322.34,317.44,325.15,310.09,9782
2025-10-28,NHPC,322.69,323.8,323.93,319.21,1491
2025-10-29,NHPC,328.55,324.73,333.32,318.59,8397
2025-10-30,NHPC,315.99,319.32,322.18,307.23,2285
2025-10-31,NHPC,321.87,316.81,327.5,312.74,7997
2025-11-01,NHPC,309.54,315.3,316.37,308.74,2436
2025-11-02,NHPC,321.55,327.55,327.78,318.59,9934
2025-11-03,NHPC,332.29,333.35,342.41,327.98,3801
2025-11-04,NHPC,331.84,336.21,337.18,329.79,7966
2025-11-05,NHPC,338.96,341.56,347.59,335.37,3389
2025-11-06,NHPC,342.15,334.59,347.72,326.19,8605
2025-11-07,NHPC,332.05,336.0,341.25,326.89,9115
2025-11-08,NHPC,335.69,342.11,350.27,327.14,3527
2025-11-09,NHPC,349.18,350.44,356.67,341.95,8869
2025-11-10,NHPC,359.51,361.54,362.01,354.79,5123
2025-11-11,NHPC,351.99,348.12,358.56,346.21,1559
2025-11-12,NHPC,340.93,349.34,353.18,332.44,8356
2025-11-13,NHPC,346.44,347.37,354.34,340.97,3411
2025-11-14,NHPC,351.66,358.02,365.6,350.92,1741
2025-11-15,NHPC,365.39,369.75,372.56,357.92,9890
2025-11-16,NHPC,364.26,360.74,374.15,360.21,5403
2025-11-17,NHPC,360.84,363.65,367.26,355.77,3610
2025-11-18,NHPC,372.44,376.24,378.65,364.79,1922
2025-11-19,NHPC,370.25,378.52,384.26,362.47,3334
2025-11-20,NHPC,368.78,361.8,377.44,361.6,8354
2025-11-21,NHPC,359.23,353.28,359.66,344.84,2892
2025-11-22,NHPC,349.81,354.1,359.3,349.57,7525
2025-11-23,NHPC,346.21,338.98,347.8,333.9,7213
2025-11-24,NHPC,341.86,335.32,350.67,329.37,6006
2025-11-25,NHPC,326.22,335.57,341.29,320.01,8097
2025-11-26,NHPC,332.54,328.86,342.19,321.43,1020
2025-11-27,NHPC,337.31,338.53,340.58,330.36,7275
2025-11-28,NHPC,329.34,324.85,335.57,318.29,6372
2025-11-29,NHPC,326.36,326.04,335.06,318.95,9229
2025-11-30,NHPC,335.43,335.33,335.53,332.86,1955
2025-12-01,NHPC,344.25,335.7,352.22,331.13,2024
2025-12-02,NHPC,344.05,341.94,353.76,335.18,6832
2025-12-03,NHPC,351.9,346.19,359.16,343.41,2830
2025-12-04,NHPC,350.21,358.13,363.32,340.21,3246
2025-12-05,NHPC,349.32,352.0,355.61,340.32,8094
2025-12-06,NHPC,347.69,342.74,351.81,335.7,7813
2025-12-07,NHPC,343.71,350.42,355.68,337.63,8573
2025-12-08,NHPC,341.27,333.18,345.59,325.43,9650
2025-12-09,NHPC,333.64,341.08,341.72,329.54,4774
2025-12-10,NHPC,337.26,342.49,344.02,332.19,7693
2025-12-11,NHPC,342.24,342.36,349.19,341.43,6986
2025-12-12,NHPC,338.37,339.07,345.6,336.25,9343
2025-12-13,NHPC,345.08,352.61,352.88,340.47,4725
2025-12-14,NHPC,346.11,355.13,355.93,342.42,8873
2025-12-15,NHPC,349.84,357.57,367.11,348.58,8540
2025-12-16,NHPC,358.53,357.94,363.68,357.42,5243
2025-12-17,NHPC,358.01,358.06,367.88,349.81,6869
2025-12-18,NHPC,356.4,364.84,365.82,354.5,2952
2025-12-19,NHPC,371.81,374.38,382.76,369.09,2976
2025-12-20,NHPC,376.97,375.4,377.73,367.29,8058
2025-12-21,NHPC,375.28,379.5,384.76,366.71,6715
2025-12-22,NHPC,371.29,378.37,388.28,367.92,2188
2025-12-23,NHPC,375.1,372.71,376.03,370.61,5146
2025-12-24,NHPC,378.76,386.31,392.66,372.92,5976
2025-12-25,NHPC,394.3,384.76,397.61,380.82,8362
2025-12-26,NHPC,386.85,391.55,395.85,378.27,2149
2025-12-27,NHPC,394.08,384.69,396.91,384.39,6458
2025-12-28,NHPC,386.52,394.54,404.28,384.35,3388
2025-12-29,NHPC,387.72,392.94,393.23,378.15,7748
2025-12-30,NHPC,387.67,380.17,393.65,372.7,7481
2025-12-31,NHPC,385.67,376.07,389.74,375.79,2617
2026-01-01,NHPC,380.24,380.59,384.87,379.35,1313
2026-01-02,NHPC,378.98,388.04,392.38,373.41,7017
2026-01-03,NHPC,393.13,402.98,408.58,391.58,9279
2026-01-04,NHPC,393.42,385.01,394.87,375.21,8587
2026-01-05,NHPC,391.3,399.02,399.34,388.69,3009
2026-01-06,NHPC,402.14,394.56,406.52,386.84,2853
2026-01-07,NHPC,388.54,381.78,388.66,375.96,4563
2026-01-08,NHPC,380.82,380.45,390.2,376.47,2659
2026-01-09,NHPC,372.8,381.76,389.73,364.52,4787
2026-01-10,NHPC,375.65,382.26,388.78,372.76,6960
2026-01-11,NHPC,378.22,378.14,386.02,376.58,3972
2026-01-12,NHPC,380.69,384.1,385.5,370.89,2493
2026-01-13,NHPC,392.75,395.61,402.98,392.58,7324
2026-01-14,NHPC,397.33,395.83,406.35,390.84,8578
2026-01-15,NHPC,390.07,398.46,403.16,381.8,6694
2026-01-16,NHPC,401.51,397.73,409.7,388.63,4878
2026-01-17,NHPC,399.54,403.57,407.23,397.83,4643
2026-01-18,NHPC,393.9,390.51,394.12,390.01,5872
2026-01-19,NHPC,394.55,385.46,401.85,381.6,2031
2026-01-20,NHPC,381.45,373.76,389.44,371.41,5952
2026-01-21,NHPC,377.84,387.46,390.51,375.66,7283
2026-01-22,NHPC,389.93,388.7,394.23,385.02,7160
2026-01-23,NHPC,386.75,383.74,394.09,376.5,5550
2026-01-24,NHPC,393.23,388.12,400.02,382.34,7982
2026-01-25,NHPC,386.09,392.58,393.16,378.53,4451
2026-01-26,NHPC,400.01,396.35,401.32,391.96,1757
2026-01-27,NHPC,396.42,390.44,404.31,389.46,3195
2026-01-28,NHPC,388.3,389.27,390.62,382.24,2081
2026-01-29,NHPC,398.73,396.59,400.21,390.62,3582
2026-01-30,NHPC,394.63,391.22,395.56,386.85,5260
2026-01-31,NHPC,395.35,388.11,398.65,380.02,5133
2026-02-01,NHPC,382.91,379.55,385.28,376.51,4597
2026-02-02,NHPC,371.46,379.18,387.93,366.23,2745
2026-02-03,NHPC,376.72,381.01,390.79,369.88,9181
2026-02-04,NHPC,388.87,395.53,396.09,381.12,2576
2026-02-05,NHPC,389.04,388.78,397.99,382.89,3604
2026-02-06,NHPC,382.0,387.19,393.81,381.07,5014
2026-02-07,NHPC,395.0,387.48,395.68,383.45,9560
2026-02-08,NHPC,389.01,397.03,402.45,387.01,8856
2026-02-09,NHPC,388.66,394.79,402.16,384.6,4582
2026-02-10,NHPC,386.82,385.88,393.71,378.76,1434
2026-02-11,NHPC,383.33,377.54,392.98,371.89,2550
2026-02-12,NHPC,375.75,369.55,379.77,360.51,2400
2026-02-13,NHPC,365.28,370.27,376.41,356.23,5439
2026-02-14,NHPC,368.33,367.63,371.31,360.86,3701
2026-02-15,NHPC,358.11,355.27,361.4,351.41,3642
2026-02-16,NHPC,349.93,347.33,355.87,346.47,3364
2026-02-17,NHPC,341.36,334.77,343.99,325.29,6293
2026-02-18,NHPC,326.76,322.0,328.97,320.9,2019
2026-02-19,NHPC,328.87,320.96,336.93,320.72,8764
2026-02-20,NHPC,313.75,308.42,321.99,304.89,7496
2026-02-21,NHPC,310.77,302.03,312.76,298.48,3989
2026-02-22,NHPC,297.63,302.98,303.53,290.68,2143
2026-02-23,NHPC,305.45,311.29,315.39,301.09,3691
2026-02-24,NHPC,314.77,311.29,321.74,306.45,4643
2026-02-25,NHPC,309.93,309.22,317.58,304.43,5341
2026-02-26,NHPC,308.67,299.04,318.38,291.11,3361
2026-02-27,NHPC,289.44,297.84,298.54,280.39,6313
2026-02-28,NHPC,288.07,296.97,299.42,278.63,9231
2026-03-01,NHPC,306.55,314.07,317.36,300.97,4811
2026-03-02,NHPC,305.4,306.84,308.98,303.38,6558
2026-03-03,NHPC,308.17,306.46,314.46,297.67,3976
2026-03-04,NHPC,307.5,305.48,312.35,298.18,9862
2026-03-05,NHPC,305.21,314.27,323.81,303.8,7643
2026-03-06,NHPC,319.66,315.38,321.36,309.69,5181
2026-03-07,NHPC,322.27,324.64,333.96,313.3,9200
2026-03-08,NHPC,317.13,319.63,329.47,315.33,5176
2026-03-09,NHPC,328.31,321.6,336.87,321.58,9539
2026-03-10,NHPC,311.75,315.65,318.08,304.59,8257
2026-03-11,NHPC,306.67,307.3,308.72,304.16,6395
2026-03-12,NHPC,304.5,305.3,314.65,298.65,3205
2026-03-13,NHPC,306.61,307.08,310.64,298.37,9432
2026-03-14,NHPC,310.89,320.4,325.96,302.78,1779
2026-03-15,NHPC,311.95,316.11,323.11,309.89,2227
2026-03-16,NHPC,323.35,330.24,331.36,318.99,2161
2026-03-17,NHPC,326.73,323.06,331.71,315.89,9702
2026-03-18,NHPC,321.75,329.83,334.11,313.66,1567
2026-03-19,NHPC,329.13,322.34,332.29,321.69,7171
2026-03-20,NHPC,323.2,324.89,326.68,314.49,1976
2026-03-21,NHPC,323.91,314.77,332.78,307.51,5082
2026-03-22,NHPC,307.41,312.55,316.38,297.52,6475
2026-03-23,NHPC,305.95,309.33,314.71,297.14,7124
2026-03-24,NHPC,319.06,310.01,321.36,304.31,6121
2026-03-25,NHPC,300.09,298.82,310.04,292.34,7312
2026-03-26,NHPC,307.6,306.85,314.74,303.97,3292
2026-03-27,NHPC,315.68,323.67,331.3,312.17,8749
2026-03-28,NHPC,330.92,329.96,338.04,321.1,7505
2026-03-29,NHPC,324.82,327.04,332.49,316.03,9132
